--
-- PostgreSQL database dump
--

\restrict bt4vg4UV0F9C96DCUazXza1qVVopSwmso6ibn7PTfNcgJe348Aci9RdZj1Rsujm

-- Dumped from database version 17.5 (1b53132)
-- Dumped by pg_dump version 17.6 (Debian 17.6-1.pgdg13+1)

SET statement_timeout = 0;
SET lock_timeout = 0;
SET idle_in_transaction_session_timeout = 0;
SET transaction_timeout = 0;
SET client_encoding = 'UTF8';
SET standard_conforming_strings = on;
SELECT pg_catalog.set_config('search_path', '', false);
SET check_function_bodies = false;
SET xmloption = content;
SET client_min_messages = warning;
SET row_security = off;

--
-- Name: role; Type: TYPE; Schema: public; Owner: neondb_owner
--

CREATE TYPE public.role AS ENUM (
    'ADMIN',
    'CLIENT',
    'EMPLOYEE'
);


ALTER TYPE public.role OWNER TO neondb_owner;

--
-- Name: status; Type: TYPE; Schema: public; Owner: neondb_owner
--

CREATE TYPE public.status AS ENUM (
    'Applied',
    'Screening',
    'Interview',
    'Offer',
    'Hired',
    'Rejected',
    'On Hold'
);


ALTER TYPE public.status OWNER TO neondb_owner;

SET default_tablespace = '';

SET default_table_access_method = heap;

--
-- Name: job_applications; Type: TABLE; Schema: public; Owner: neondb_owner
--

CREATE TABLE public.job_applications (
    id uuid DEFAULT gen_random_uuid() NOT NULL,
    client_id uuid NOT NULL,
    employee_id uuid NOT NULL,
    date_applied date NOT NULL,
    applied_by_name text NOT NULL,
    job_title text NOT NULL,
    company_name text NOT NULL,
    location text,
    portal_name text,
    job_link text,
    job_page text,
    resume_url text,
    status public.status DEFAULT 'Applied'::public.status NOT NULL,
    mail_sent boolean DEFAULT false NOT NULL,
    notes text,
    created_at timestamp without time zone DEFAULT now() NOT NULL,
    updated_at timestamp without time zone DEFAULT now() NOT NULL,
    additional_link text
);


ALTER TABLE public.job_applications OWNER TO neondb_owner;

--
-- Name: sessions; Type: TABLE; Schema: public; Owner: neondb_owner
--

CREATE TABLE public.sessions (
    sid character varying NOT NULL,
    sess text NOT NULL,
    expire timestamp without time zone NOT NULL
);


ALTER TABLE public.sessions OWNER TO neondb_owner;

--
-- Name: users; Type: TABLE; Schema: public; Owner: neondb_owner
--

CREATE TABLE public.users (
    id uuid DEFAULT gen_random_uuid() NOT NULL,
    name text NOT NULL,
    email text NOT NULL,
    role public.role NOT NULL,
    company text,
    is_active boolean DEFAULT true NOT NULL,
    password_hash text NOT NULL,
    created_at timestamp without time zone DEFAULT now() NOT NULL,
    updated_at timestamp without time zone DEFAULT now() NOT NULL,
    applications_remaining integer DEFAULT 0 NOT NULL
);


ALTER TABLE public.users OWNER TO neondb_owner;

--
-- Data for Name: job_applications; Type: TABLE DATA; Schema: public; Owner: neondb_owner
--

COPY public.job_applications (id, client_id, employee_id, date_applied, applied_by_name, job_title, company_name, location, portal_name, job_link, job_page, resume_url, status, mail_sent, notes, created_at, updated_at, additional_link) FROM stdin;
bea19e30-1e85-4f14-82e3-952573e5b15e	06f506a6-d695-43fc-96f0-c64db701840e	5a9559ba-d7d1-4d88-a936-d11b7bcd0ae9	2025-08-15	Arshad	Data Scientist, I	Starbucks	Seattle, WA	Job Right	https://jobright.ai	https://apply.starbucks.com	https://drive.google.com/file/d/resume1	Applied	t	\N	2025-08-16 07:59:21.244379	2025-08-16 07:59:21.244379	\N
4803886e-6d66-41af-8fc3-99ee04a9804a	06f506a6-d695-43fc-96f0-c64db701840e	5a9559ba-d7d1-4d88-a936-d11b7bcd0ae9	2025-08-15	Arshad	Machine Learning Engineer	Meta	Remote - United States	Job Right	https://jobright.ai	https://careers.meta.com	https://drive.google.com/file/d/resume2	Screening	t	\N	2025-08-16 07:59:21.244379	2025-08-16 07:59:21.244379	\N
277e3987-e051-482e-a178-c8f1377aac6c	06f506a6-d695-43fc-96f0-c64db701840e	5a9559ba-d7d1-4d88-a936-d11b7bcd0ae9	2025-08-15	Arshad	Software Developer	AMD	San Jose, CA	Job Right	https://jobright.ai	https://careers.amd.com	https://drive.google.com/file/d/resume3	Interview	t	\N	2025-08-16 07:59:21.244379	2025-08-16 07:59:21.244379	\N
d8da11e7-5f18-4306-8bce-c7f728b7a6fd	06f506a6-d695-43fc-96f0-c64db701840e	5a9559ba-d7d1-4d88-a936-d11b7bcd0ae9	2025-08-15	Arshad	Manager - Data	Capital One	McLean, VA	Job Right	https://jobright.ai	https://capitalonecareers.com	https://drive.google.com/file/d/resume4	Applied	t	\N	2025-08-16 07:59:21.244379	2025-08-16 07:59:21.244379	\N
dfa86068-65f8-45ba-bd64-508aa76b7c66	06f506a6-d695-43fc-96f0-c64db701840e	5a9559ba-d7d1-4d88-a936-d11b7bcd0ae9	2025-08-15	Arshad	AI/ML Software Engineer	TradeNetwork	Atlanta, GA	Job Right	https://jobright.ai	https://tradenetwork.com/careers	https://drive.google.com/file/d/resume5	Offer	t	\N	2025-08-16 07:59:21.244379	2025-08-16 07:59:21.244379	\N
64429dd5-0873-47f3-912d-1f2e1d2665a0	06f506a6-d695-43fc-96f0-c64db701840e	5a9559ba-d7d1-4d88-a936-d11b7bcd0ae9	2025-08-16	John Employee	Senior Developer	University of Houston	Houston, TX, USA		https://jobright.ai/s/5bswfT	https://boards.greenhouse.io/embed/job_app?token=7131932&utm_source=jobright	https://drive.google.com/file/d/1hLtDnnPauGml2pfeV44fwzJe9XbMX97x/view?usp=sharing	Applied	f		2025-08-16 08:09:27.024166	2025-08-16 08:09:26.62	\N
f150fb4f-4b8f-41db-abb9-cf3b208b1a6e	dd48df9e-dafb-4d9d-86d6-1ed4b6eec744	3ed0c821-4485-4f32-99fc-9ece557978f2	2025-08-16	Harron	Research Assistant	University of Houston	Houston, TX, USA	Linkedin	https://jobright.ai/s/5bswfT	https://boards.greenhouse.io/embed/job_app?token=7131932&utm_source=jobright	https://drive.google.com/file/d/1hLtDnnPauGml2pfeV44fwzJe9XbMX97x/view?usp=sharing	Applied	f		2025-08-16 08:27:56.350725	2025-08-16 08:27:55.605	\N
fc42747e-f623-415c-8839-a4c9135838cc	4e01002b-362d-4c62-b378-c869d81e368b	f8f4cab3-8a59-4e78-a2e0-0b9e513dff63	2025-08-22	Murshid	Senior Developer	University of Houston	Houston, TX, USA	Linkedin	https://jobright.ai/s/5bswfT	https://boards.greenhouse.io/embed/job_app?token=7131932&utm_source=jobright	https://drive.google.com/file/d/1hLtDnnPauGml2pfeV44fwzJe9XbMX97x/view?usp=sharing	Applied	f		2025-08-22 05:16:44.334	2025-08-22 05:16:44.334	\N
76e9008d-ad5e-4b22-bf9f-7c1c4e85ae45	4e01002b-362d-4c62-b378-c869d81e368b	3ed0c821-4485-4f32-99fc-9ece557978f2	2025-08-22	Harron	Software Engineer, Infrastructure	Google	Austin, TX	Linkedin	https://jobright.ai/s/5bswfT	https://boards.greenhouse.io/embed/job_app?token=7131932&utm_source=jobright	https://drive.google.com/file/d/1hLtDnnPauGml2pfeV44fwzJe9XbMX97x/view?usp=sharing	Applied	f		2025-08-22 06:56:02.516	2025-08-22 06:56:02.516	\N
f8c8e137-71ab-44e8-8505-041be2e91405	dd48df9e-dafb-4d9d-86d6-1ed4b6eec744	f8f4cab3-8a59-4e78-a2e0-0b9e513dff63	2025-08-22	Murshid	Full Stack Python Developer Intern	Conceptech	Houston, TX, USA	Linkedin	https://jobright.ai/s/5bswfT	https://boards.greenhouse.io/embed/job_app?token=7131932&utm_source=jobright	https://drive.google.com/file/d/1hLtDnnPauGml2pfeV44fwzJe9XbMX97x/view?usp=sharing	Interview	f	test job	2025-08-22 05:13:20.267	2025-08-22 05:13:20.267	\N
1fed8163-a997-434a-a310-867af438c3c2	4e01002b-362d-4c62-b378-c869d81e368b	5d5eb023-8448-47d4-98f6-e379a3e3df69	2025-08-24	Vidhi	GenAI and Data Science 	Meta	San Fransico, CL	Linkedin	https://jobs.apple.com/en-us/details/200616700-3337/applied-ml-engineer-ai-ml-evaluation-simulation?team=SFTWR	https://jobs.apple.com/en-us/details/200616700-3337/applied-ml-engineer-ai-ml-evaluation-simulation?team=SFTWR	https://drive.google.com/file/d/1aEXQKcEqO_cRAa_e2GymIRmRszmEUHiW/view?usp=drive_link	Applied	t		2025-08-24 04:45:08.040143	2025-08-24 04:45:08.040143	\N
8514f2cd-ae69-4c20-9549-c7436e0d6c4d	2d48fa24-d8a9-4f87-8ed5-9afbb19e5f51	5d5eb023-8448-47d4-98f6-e379a3e3df69	2025-08-24	Vidhi	Data Science	National Oilwell Varco	Houston, TX	Linkedin	https://jobs.apple.com/en-us/details/200616700-3337/applied-ml-engineer-ai-ml-evaluation-simulation?team=SFTWR	https://jobs.apple.com/en-us/details/200616700-3337/applied-ml-engineer-ai-ml-evaluation-simulation?team=SFTWR	https://drive.google.com/file/d/1aEXQKcEqO_cRAa_e2GymIRmRszmEUHiW/view?usp=drive_link	Interview	t		2025-08-24 06:39:42.029369	2025-08-24 06:39:42.029369	\N
20adc6f0-0940-49a4-973b-3606b485dcc0	7197fa92-a71b-446a-86b5-0612a497e943	3b2d2071-8076-48f9-93db-07a87b1b8fae	2025-08-24	Vidhi Vij	Data Analyst	Hotel Engine	Remote - USA	Job Right	https://jobright.ai/jobs/info/68a989e5758f2e4ac3ffac9d	https://boards.greenhouse.io/embed/job_app?token=6673556003&utm_source=jobright	https://drive.google.com/file/d/1aAvlk-bOOFMaU-gd_jNk6uY0ooY9REdA/view?usp=drive_link	Applied	t		2025-08-24 07:33:04.310963	2025-08-24 07:33:04.310963	\N
dce64765-6cab-488f-b32c-4ffcd9e51141	7197fa92-a71b-446a-86b5-0612a497e943	3b2d2071-8076-48f9-93db-07a87b1b8fae	2025-08-24	Vidhi Vij	Data Analyst	Kalamata Capital Group	Bethesda, MD	Job Right	https://jobright.ai/jobs/info/68a9d5f1758f2e4ac3ffb9a4	https://kcg.apscareerportal.com/jobs/3078482/apps/new	https://drive.google.com/file/d/1bsBf4wAG1QEruIA_-UjpYybfwhezNksZ/view?usp=drive_link	Applied	t		2025-08-24 07:34:04.65227	2025-08-24 07:34:04.65227	\N
1e972775-9f58-4991-985d-aa1e2dff8762	7197fa92-a71b-446a-86b5-0612a497e943	3b2d2071-8076-48f9-93db-07a87b1b8fae	2025-08-24	Vidhi Vij	Data Analyst	Reyes Beverage Group	Rosemont, IL	Job Right	https://jobright.ai/jobs/info/688d7f156a4aac5783cd27d0	https://jobportal.reyesholdings.com/rbg/jobs/25739?lang=en-US	https://drive.google.com/file/d/1BCFlnpVYqXVO_gpICDiuqVRA2mwlCViV/view?usp=drive_link	Applied	t		2025-08-24 07:35:20.935238	2025-08-24 07:35:20.935238	\N
7d8c187b-3636-4c58-91f8-d7bc038bb3fc	7197fa92-a71b-446a-86b5-0612a497e943	3b2d2071-8076-48f9-93db-07a87b1b8fae	2025-08-24	Vidhi Vij	Data Analyst	ABB	WV	Job Right	https://jobright.ai/jobs/info/68a97483758f2e4ac3ffa4db	https://careers.abb/global/en/job/ABB1GLOBALJR00006607EXTERNALENGLOBAL/Data-Analyst?utm_source=jobright&utm_medium=phenom-feeds	https://drive.google.com/file/d/1a7pe1zXj2fEDYUhSem1FYq0N_zoLQvZK/view?usp=drive_link	Applied	t		2025-08-24 07:36:27.744901	2025-08-24 07:36:27.744901	\N
c304bc48-3980-4ac4-b5e8-1c600d11b624	7197fa92-a71b-446a-86b5-0612a497e943	3b2d2071-8076-48f9-93db-07a87b1b8fae	2025-08-24	Vidhi Vij	Data Scientist	Reputation	Lehi, UT Hybrid	Job Right	https://jobright.ai/jobs/info/68a87f4fd627244576e33186	https://reputation.wd1.myworkdayjobs.com/External/job/Lehi-UT-Hybrid/Data-Scientist_JR101493	https://drive.google.com/file/d/1ZxlVZF0J3rM09CS_bpOBtkDxLcaUcRcd/view?usp=drive_link	Applied	t	Screenshot - https://drive.google.com/file/d/1sYm_ZzHwvoylyudO_iSHANAnL0rZJFsO/view?usp=drive_link	2025-08-24 07:39:03.299939	2025-08-24 07:39:03.299939	\N
8921c7ff-92f1-4ffd-848d-78ccf92f307f	7197fa92-a71b-446a-86b5-0612a497e943	3b2d2071-8076-48f9-93db-07a87b1b8fae	2025-08-24	Vidhi Vij	Data Analyst	Union Tank Car Company - UTLX	Chicago, IL	Job Right	https://jobright.ai/jobs/info/68a9099c758f2e4ac3ff6c89	https://marmon.wd501.myworkdayjobs.com/Marmon_Careers/job/Chicago-IL/Data-Analyst_JR0000035823?source=LinkedIn	https://drive.google.com/file/d/1cUA4rku3hVaaklhg0WZnWG_nJeejokEf/view?usp=drive_link	Applied	t		2025-08-24 07:39:51.445232	2025-08-24 07:39:51.445232	\N
a8d96a8c-f3d6-4cd4-b4e0-c4370121bd7a	7197fa92-a71b-446a-86b5-0612a497e943	3b2d2071-8076-48f9-93db-07a87b1b8fae	2025-08-24	Vidhi Vij	Data Analyst I	IDEXX	Westbrook, ME	Job Right	https://jobright.ai/jobs/info/68a8b7526acf96396f721f0b	https://careers.idexx.com/us/en/job/J-047516/Data-Analyst-I?utm_source=jobright&utm_medium=phenom-feeds&src=SNS-10040&source=LinkedIn	https://drive.google.com/file/d/1p0Pvioc3a4gUF0K5LJLMFpKArCmVALu9/view?usp=drive_link	Applied	t		2025-08-24 07:44:43.845195	2025-08-24 07:44:43.845195	\N
9452437d-681d-4e28-9b83-3406b8b51461	7197fa92-a71b-446a-86b5-0612a497e943	3b2d2071-8076-48f9-93db-07a87b1b8fae	2025-08-24	Vidhi Vij	Data Scientist II, CNN Digital Products & Services	CNN	New York, NY		https://jobright.ai/jobs/info/686b413535584b65426591e6	https://careers.wbd.com/global/en/job/WAMEGLOBALR000092340EXTERNALENGLOBAL/Data-Scientist-II-CNN-Digital-Products-Services?utm_source=jobright&utm_medium=phenom-feeds	https://drive.google.com/file/d/1YGKDGkk4Y3qB2kXnyolR05R1CgkXGcM-/view?usp=drive_link	Applied	t		2025-08-24 07:45:33.132885	2025-08-24 07:45:33.132885	\N
93ee0f83-2c85-41b2-922b-1d1e4ddc8ea1	bb6c09e2-b09e-4e43-8a8a-ceec742fa25e	77e5f0de-f40d-429e-8d41-263dd62e798a	2025-08-24	Mohd Arshad	Manager, Data Science - AI Foundations	 Capital One	McLean, VA	Job Right	https://jobright.ai/s/7cCcnk	https://www.capitalonecareers.com/job/-/-/234/84767050256?p_sid=ZomVC0b&p_uid=W2h3sv0wsM&source=rd_linkedin_job_posting_tm&ss=paid&utm_campaign=data_science_toh_25&utm_content=pj_board&utm_medium=jobad&utm_source=linkedin+slotted	https://drive.google.com/file/d/1Y0g74e0PgkYwIvoP4rXYBqL3VR7iw7Xr/view?usp=sharing	Applied	t		2025-08-24 09:39:10.653334	2025-08-24 09:39:10.653334	https://drive.google.com/file/d/1Q_uoOD3xz0VASXMEFsDksX48vP_6bTgE/view?usp=sharing
268147a6-f0ae-4158-b2c3-aa4db8a836d2	7197fa92-a71b-446a-86b5-0612a497e943	3b2d2071-8076-48f9-93db-07a87b1b8fae	2025-08-24	Vidhi Vij	Data Analytics Software Engineer	Whitley Penn	Fort Worth, TX	Job Right	https://jobright.ai/jobs/info/68a90e556acf96396f724564	https://recruiting.ultipro.com/WHI1006WPL/JobBoard/bf9b8b62-5ece-4a4f-aa1f-97eba460105c/OpportunityDetail?opportunityId=116acfda-312e-4e5b-a060-5feb620162fc&source=LinkedIn	https://drive.google.com/file/d/1Buww22jtmwEqjmGhvcNSrz7kq-JBIoS1/view?usp=drive_link	Applied	t		2025-08-24 08:55:49.876293	2025-08-24 08:55:49.876293	
72e3352c-a02e-4af8-bfb6-ed0d69726174	7197fa92-a71b-446a-86b5-0612a497e943	3b2d2071-8076-48f9-93db-07a87b1b8fae	2025-08-24	Vidhi Vij	Data Scientist II – QuantumBlack, AI by McKinsey	QuantumBlack, AI by McKinsey	Chicago, IL	Job Right	https://jobright.ai/jobs/info/68a8cbe1758f2e4ac3ff56ec	https://www.mckinsey.com/careers/search-jobs/jobs/datascientistiiquantumblackaibymckinsey-100742?appsource=LinkedIn	https://drive.google.com/file/d/1hgqJbLmhQ1EN3esU3glb0iF18VEb-wZ-/view?usp=drive_link	Applied	t		2025-08-24 08:56:33.325534	2025-08-24 08:56:33.325534	
9254a88c-b0fe-4e30-ae9c-37e71e8b87e8	bb6c09e2-b09e-4e43-8a8a-ceec742fa25e	77e5f0de-f40d-429e-8d41-263dd62e798a	2025-08-24	Mohd Arshad	Data Scientist/Senior Data Scientist, Platform Data	 Terray Therapeutics	Monrovia, CA	Job Right	https://jobright.ai/s/80w2W4	https://ats.rippling.com/terraytx/jobs/04a087e7-4154-49a8-b21e-2628812f1a8f?jobSite=LinkedIn	https://drive.google.com/file/d/1ytWUgLt9SgpEv_z_-ApT9PjhEQgVnMhO/view?usp=sharing	Applied	t		2025-08-24 08:57:06.554383	2025-08-24 08:57:06.554383	https://drive.google.com/file/d/1Vq6xEpLAcDjqEZ_mZHO4sl_qe6x7hm78/view?usp=sharing
24001c54-63c9-4aca-bf32-eeea623ddd30	7197fa92-a71b-446a-86b5-0612a497e943	3b2d2071-8076-48f9-93db-07a87b1b8fae	2025-08-24	Vidhi Vij	Data Analyst I, Data Office	Family Health Centers of San Diego	San Diego, CA	Job Right	https://jobright.ai/jobs/info/688c34541808534a89cb9565	https://fhcsd.wd1.myworkdayjobs.com/en-US/MAIN/job/Fifth-Avenue-Administration---San-Diego-CA/Data-Analyst-I--Data-Office_R0019815?source=LinkedIn	https://drive.google.com/file/d/1iqrn8zqaJqJYI3N1uVCR2lKCvBJWiBbg/view?usp=drive_link	Applied	t		2025-08-24 08:57:55.464144	2025-08-24 08:57:55.464144	
29277693-ceb4-4a63-9eb7-882f6f857281	7197fa92-a71b-446a-86b5-0612a497e943	3b2d2071-8076-48f9-93db-07a87b1b8fae	2025-08-24	Vidhi Vij	Data Scientist - Lithuania	OneMarketData	Remote - USA	Job Right	https://jobright.ai/jobs/info/68a7236833dd7158bbca4c29	https://onemarketdata.bamboohr.com/careers/127	https://drive.google.com/file/d/1JnLVbpudtl-NpZnf6PYK7NnxBpyvFu-C/view?usp=drive_link	Applied	t		2025-08-24 08:58:37.422133	2025-08-24 08:58:37.422133	
e558e3e1-1961-4f22-80a3-b4aff1db54e8	7197fa92-a71b-446a-86b5-0612a497e943	3b2d2071-8076-48f9-93db-07a87b1b8fae	2025-08-24	Vidhi Vij	Senior Analyst	GreenSky	Sandy Springs, GA	Job Right	https://jobright.ai/jobs/info/68a6245eb6a3617d7fa75b38	https://careers.amd.com/careers-home/jobs/65589?lang=en-us&iis=Job%20Board&iisn=Linkedin	https://drive.google.com/file/d/1vMwkEBMVbI4qvucIXMZYZMBtsqCBTgpM/view?usp=drive_link	Applied	t		2025-08-24 08:59:44.99429	2025-08-24 08:59:44.99429	
f390032c-7ae7-4a49-b487-0cf9815339cd	7197fa92-a71b-446a-86b5-0612a497e943	3b2d2071-8076-48f9-93db-07a87b1b8fae	2025-08-24	Vidhi Vij	Business Intelligence Analyst	AMD	Austin, TX	Job Right	https://jobright.ai/jobs/info/68a83d03d627244576e32052	https://careers.amd.com/careers-home/jobs/65589?lang=en-us&iis=Job%20Board&iisn=Linkedin	https://drive.google.com/file/d/1sC19DMFy4WsX8hgcHo7T42Tm_tLx4nls/view?usp=drive_link	Applied	t		2025-08-24 09:00:29.204484	2025-08-24 09:00:29.204484	
4be45a7f-fb1a-49d1-ad11-e6dcc295b5c7	bb6c09e2-b09e-4e43-8a8a-ceec742fa25e	77e5f0de-f40d-429e-8d41-263dd62e798a	2025-08-24	Mohd Arshad	Machine Learning Engineer - Generative AI	Zoox	Foster City, CA	Job Right	https://jobright.ai/s/880bXN	https://jobs.lever.co/zoox/50b011cc-1023-4d9a-b8be-c938e2c12f13/apply?source=LinkedIn	https://drive.google.com/file/d/1b2BHgvbiVJNa5hB9_B4KkDE5oIqSh7_Z/view?usp=sharing	Applied	t		2025-08-24 09:07:37.781132	2025-08-24 09:07:37.781132	https://drive.google.com/file/d/18vll1dp0hN3QtTIJDaqT3yRE9RVufeQe/view?usp=sharing
d45a21dc-58c9-42a1-9d92-351f2628a75c	bb6c09e2-b09e-4e43-8a8a-ceec742fa25e	77e5f0de-f40d-429e-8d41-263dd62e798a	2025-08-24	Mohd Arshad	Advanced Data Scientist	 Honeywell	Atlanta, GA	Job Right	https://jobright.ai/s/8d5IiV	https://ibqbjb.fa.ocs.oraclecloud.com/hcmUI/CandidateExperience/en/sites/Honeywell/job/109368?utm_medium=jobboard&utm_source=jobright	https://drive.google.com/file/d/1iigJtqND0vOhFiaV0xPPtXzo6PeULZ36/view?usp=sharing	Applied	t		2025-08-24 09:12:53.287055	2025-08-24 09:12:53.287055	https://drive.google.com/file/d/1pwU6XsXRUQdmad23W1_fMYYZmGKRLOfv/view?usp=sharing
b41b0042-503a-47eb-9a46-05fb3050d92d	bb6c09e2-b09e-4e43-8a8a-ceec742fa25e	77e5f0de-f40d-429e-8d41-263dd62e798a	2025-08-24	Mohd Arshad	Machine Learning (ML) Runtime Engineer	Rev	Austin, TX	Job Right	https://jobright.ai/s/7rVrd1	https://jobs.ashbyhq.com/rev/aaf61710-4911-45b8-abc3-abeaaae75076	https://drive.google.com/file/d/1ENGFRuSOexLzgoGnpm89RqzbxqjJHt4A/view?usp=sharing	Applied	t		2025-08-24 09:16:49.715993	2025-08-24 09:16:49.715993	https://drive.google.com/file/d/1n5y7-FrLYmxJjBfoHpFuRoQ9Y_RZKlj_/view?usp=sharing
a7c1fac5-9d80-40b7-b1a2-cb1e480a13dd	bb6c09e2-b09e-4e43-8a8a-ceec742fa25e	77e5f0de-f40d-429e-8d41-263dd62e798a	2025-08-24	Mohd Arshad	Data Scientist/Senior Data Scientist, Platform Data	 Terray Therapeutics	Monrovia, CA	Job Right	https://jobright.ai/s/8Nb5bf	https://ats.rippling.com/terraytx/jobs/04a087e7-4154-49a8-b21e-2628812f1a8f	https://drive.google.com/file/d/1nxDsT-g0OKnUSXr7oBImA4aXYGMc5Z6i/view?usp=sharing	Applied	t		2025-08-24 09:20:01.168267	2025-08-24 09:20:01.168267	https://drive.google.com/file/d/111LFJiyCCOW-Dj9XWsx2tYBYWJ_th16D/view?usp=sharing
a3389190-41ca-44a7-bb35-87b90015b695	bb6c09e2-b09e-4e43-8a8a-ceec742fa25e	77e5f0de-f40d-429e-8d41-263dd62e798a	2025-08-24	Mohd Arshad	AI Solutions Engineer	 Orion Innovation	New York, NY	Job Right	https://jobright.ai/s/7kSWIF	https://www.orioninc.com/careers/job/?gh_jid=4589513006	https://drive.google.com/file/d/1smy6iY7ZFX3e7zG3l_-_O907NZxanv5I/view?usp=sharing	Applied	t		2025-08-24 09:25:30.643733	2025-08-24 09:25:30.643733	https://drive.google.com/file/d/1gk59w96gD-k829PBch4zK1L9ANGZZMrf/view?usp=sharing
e3c83dac-75a9-46ff-8d11-23ebd2991744	bb6c09e2-b09e-4e43-8a8a-ceec742fa25e	77e5f0de-f40d-429e-8d41-263dd62e798a	2025-08-24	Mohd Arshad	Staff Machine Learning Engineer 5	Adobe	San Jose, CA	Job Right	https://jobright.ai/s/84l3YA	https://careers.adobe.com/us/en/job/ADOBUSR158500EXTERNALENUS/Staff-Machine-Learning-Engineer-5?utm_source=jobright&utm_medium=phenom-feeds&source=LinkedIn	https://drive.google.com/file/d/1XBRm7F54mtbbOoDEwGvb0lbaMz1DuLQZ/view?usp=sharing	Applied	t		2025-08-24 09:34:53.555171	2025-08-24 09:34:53.555171	https://drive.google.com/file/d/1udY6dG1tRqNh-Ex0uChg-3Dz1_-BqRAu/view?usp=sharing
1d7ac060-e4ce-4385-bc73-575e49038688	bb6c09e2-b09e-4e43-8a8a-ceec742fa25e	77e5f0de-f40d-429e-8d41-263dd62e798a	2025-08-24	Mohd Arshad	Machine Learning Engineer II	 Spring Health	Salt Lake City, UT	Job Right	https://jobright.ai/s/52POqD	https://boards.greenhouse.io/embed/job_app?token=4591187005&utm_source=jobright	https://drive.google.com/file/d/1Yzn_RBuRFNSx2-xRozKNayvdsjCE_dOH/view?usp=sharing	Applied	t		2025-08-24 09:43:23.408154	2025-08-24 09:43:23.408154	https://drive.google.com/file/d/1Obsakyd34GmfSEa_k3R-T3hN-150Etx8/view?usp=sharing
4e200e2c-8b03-474b-a4ff-0f2f6766d146	bb6c09e2-b09e-4e43-8a8a-ceec742fa25e	77e5f0de-f40d-429e-8d41-263dd62e798a	2025-08-24	Mohd Arshad	Senior Data Scientist	Nuro	Mountain View, CA		https://jobright.ai/s/8SdJQK	https://boards.greenhouse.io/embed/job_app?token=6463067&utm_source=jobright	https://drive.google.com/file/d/1wdc2aiLpdBNgs8OZTpoiwKFwRAAXmo9W/view?usp=sharing	Applied	t		2025-08-24 09:48:12.788224	2025-08-24 09:48:12.788224	https://drive.google.com/file/d/1RszlioSGtayfjan3YIt9yLZBVPISubfX/view?usp=sharing
2be5a7f2-d1a1-4f22-a55c-6e502bd92505	dd48df9e-dafb-4d9d-86d6-1ed4b6eec744	59a38b6f-865f-448c-aa85-c9061d706575	2025-08-24	Murshid	AI Adoption Analyst (early-career)	Lockheed Martin	Littleton, Shelton Colorado, Connect	Jobright	https://jobright.ai/jobs/info/68a9bbf56acf96396f728c76	https://sjobs.brassring.com/TGnewUI/Search/home/HomeWithPreLoad?partnerid=25037&siteid=5010&PageType=JobDetails&jobid=800612#jobDetails=800612_5010	https://drive.google.com/file/d/1jVdjw8_qPoPkVkbooySi1oYAKroLxGJj/view?usp=drive_link	On Hold	f	IBR	2025-08-24 15:06:52.270822	2025-08-24 15:06:52.270822	
e1b0872e-fc0f-4f17-b68a-67ab960cd52f	dd48df9e-dafb-4d9d-86d6-1ed4b6eec744	59a38b6f-865f-448c-aa85-c9061d706575	2025-08-24	Murshid	SOFTWARE ENGINEERS (Multiple openings) Job Code 15150	The Dotcom Team	Braintree, MA	Jobright	https://jobright.ai/jobs/info/68a8ebfb6acf96396f723ad3	https://www.dotcom-team.com/career	https://drive.google.com/file/d/1-9Mkd2a1v6shaVX2dVgiHToSKbuyqnFr/view?usp=drive_link	Applied	t		2025-08-24 15:26:24.911555	2025-08-24 15:26:24.911555	
6c9a129b-ba84-497f-95ef-bdd8d8561788	dd48df9e-dafb-4d9d-86d6-1ed4b6eec744	59a38b6f-865f-448c-aa85-c9061d706575	2025-08-24	Murshid	Associate Software Engineer	OpenText	Lexington, KY	Jobright	https://jobright.ai/jobs/info/68a764a2758f2e4ac3feba61	https://careers.opentext.com/us/en/job/OPJOPEUS48796EXTERNALENUS/Associate-Software-Engineer?utm_source=jobright&utm_medium=phenom-feeds&source=jobright	https://drive.google.com/file/d/1xsO_HInQCsz0fAPKMR9GilIK1gkLMeom/view?usp=drive_link	Applied	t		2025-08-24 18:37:35.608752	2025-08-24 18:37:35.608752	
eab5c7ff-0020-4d53-9f22-19740aee1655	dd48df9e-dafb-4d9d-86d6-1ed4b6eec744	59a38b6f-865f-448c-aa85-c9061d706575	2025-08-24	Murshid	Python Developer	ADPMN Inc	San Jose, CA	Jobright	https://jobright.ai/jobs/info/68a8ae0d6acf96396f721d4e	https://adpmn.conrep.com/conrep/web/reqm_sheet.php?encd_flg=2&ncRms=UkVRSUQ9Mjc1MDUzNjM0NTg5JkNVU0lEPTk2NzY5OTY3NjkyMTIxMCZsaWNzRmxnPTEmU291cmNlPUxJRCZKUFNJRD0yNzUwNTM2MzQ2NDc=	https://drive.google.com/file/d/1mjVB6xtW9e8y562awdErBQouCKuhcarg/view?usp=drive_link	Applied	t		2025-08-24 19:01:20.794272	2025-08-24 19:01:20.794272	
55a9cf87-2224-45ff-ac52-92e9096670f0	e1d40ff8-bd9a-4c7a-ba90-0b627a8bd41c	77e5f0de-f40d-429e-8d41-263dd62e798a	2025-08-25	Mohd Arshad	Machine Learning Engineer	PhysicsX	New York, United States	Job Right	https://jobright.ai/s/819vWw	https://boards.greenhouse.io/embed/job_app?token=4644841101&utm_source=jobright	https://drive.google.com/file/d/1cYtKAxLs9aYJ7lapeJI6F_Fn4hmbarKF/view?usp=sharing	Applied	t		2025-08-25 10:08:46.584752	2025-08-25 10:08:46.584752	
7e4d1ad5-358b-4ec7-838d-c3d5c5c72df8	e1d40ff8-bd9a-4c7a-ba90-0b627a8bd41c	77e5f0de-f40d-429e-8d41-263dd62e798a	2025-08-25	Mohd Arshad	Data Analyst	Platform Science	United States	Job Right	https://jobright.ai/s/728jdL	https://boards.greenhouse.io/embed/job_app?token=6210564003&utm_source=jobright	https://drive.google.com/file/d/1kWuNKuK6dRSa2QLgt9OSc_lmu-DsHsqr/view?usp=sharing	Applied	t		2025-08-25 10:10:22.688695	2025-08-25 10:10:22.688695	
c2e5050d-9e88-47bb-9dde-add6c59125e9	e1d40ff8-bd9a-4c7a-ba90-0b627a8bd41c	77e5f0de-f40d-429e-8d41-263dd62e798a	2025-08-25	Mohd Arshad	Software Engineer, Machine Learning – Engineering Systems and AI Research	Snowflake	US-WA-Bellevue	Job Right	https://jobright.ai/s/819vWw	https://jobs.ashbyhq.com/snowflake/ad0c90da-e837-4d62-8840-1dacaf62e8e1/application?utm_source=Q2P9NP2NNP&utm_medium=phenom-feeds&gh_src=ed5543a62&_fsi=DmIRPB34	https://drive.google.com/file/d/180L-wuJsSTEoEz7vL4sRt5565mlDseFk/view?usp=sharing	Applied	t		2025-08-25 10:17:21.32385	2025-08-25 10:17:21.32385	
8446fb92-1066-449e-b0af-8c218b6f8395	e1d40ff8-bd9a-4c7a-ba90-0b627a8bd41c	77e5f0de-f40d-429e-8d41-263dd62e798a	2025-08-25	Mohd Arshad	Senior Data Scientist, Skill & Matchmaking - VALORANT Data Ops	Riot Games	Redwood City, USA	Job Right	https://jobright.ai/s/6PVt0L	https://boards.greenhouse.io/embed/job_app?token=7078979&utm_source=jobright	https://drive.google.com/file/d/1K1fki1kx2Iiyr_r4pRoR-0wPNLggamzK/view?usp=sharing	Applied	t		2025-08-25 10:20:02.752824	2025-08-25 10:20:02.752824	
5dc03992-026b-4fdc-b1e8-ff024abeca5a	e1d40ff8-bd9a-4c7a-ba90-0b627a8bd41c	77e5f0de-f40d-429e-8d41-263dd62e798a	2025-08-25	Mohd Arshad	Senior Data Analyst	Trader Interactive	Virginia Beach, VA	Job Right	https://jobright.ai/s/6MEDds	https://careers.traderinteractive.com/jobs/162735-senior-data-analyst	https://drive.google.com/file/d/1zNdkbtuPHGkptPoRaOSbBPlJpT8wdPfl/view?usp=sharing	Applied	t		2025-08-25 10:21:50.449514	2025-08-25 10:21:50.449514	
7bc4a2c1-248c-4b27-a31d-c20337f71756	e1d40ff8-bd9a-4c7a-ba90-0b627a8bd41c	77e5f0de-f40d-429e-8d41-263dd62e798a	2025-08-25	Mohd Arshad	Data Scientist	Cloudflare	Austin, TX	Job Right	https://jobright.ai/s/8IHKZZ	https://boards.greenhouse.io/embed/job_app?token=6355903&utm_source=jobright	https://drive.google.com/file/d/1haKcUoKjUlpj_0PAtKlCaSGxzHBvBxdF/view?usp=sharing	Applied	t		2025-08-25 10:24:09.75991	2025-08-25 10:24:09.75991	
3d98d9c6-a1c4-491f-9512-1959c03107a9	7197fa92-a71b-446a-86b5-0612a497e943	3b2d2071-8076-48f9-93db-07a87b1b8fae	2025-08-24	Vidhi Vij	Business Governance Data Analyst - Mason OH	Macy's	9111 Duke Boulevard, Deerfield Township, OH, 45040, US	Job Right	https://jobright.ai/jobs/info/68a884ca6acf96396f720677	https://ebwh.fa.us2.oraclecloud.com/hcmUI/CandidateExperience/en/sites/CX_1001/job/79266	https://drive.google.com/file/d/1wa5gH5Hp_uIeB39ZZt5JQshYADqSufBy/view?usp=drive_link	Interview	t		2025-08-24 09:01:36.464237	2025-08-24 09:01:36.464237	
b1aa9a2a-6f2d-4b64-9628-83263e9048f9	7197fa92-a71b-446a-86b5-0612a497e943	3b2d2071-8076-48f9-93db-07a87b1b8fae	2025-08-25	Vidhi Vij	Data Analyst	Star Pipe Products	Houston, TX	Job Right	https://jobright.ai/jobs/info/68ac457f758f2e4ac3004b62	https://secure4.entertimeonline.com/ta/6159636.careers?CareersSearch=&lang=en-US	https://drive.google.com/file/d/1kURw3ii2oQbJO-nSygRHpoT6uVwUd-xz/view?usp=drive_link	Applied	t		2025-08-25 13:35:46.014161	2025-08-25 13:35:46.014161	
a1979075-976e-47d2-9a9a-4e928cadf677	7197fa92-a71b-446a-86b5-0612a497e943	3b2d2071-8076-48f9-93db-07a87b1b8fae	2025-08-25	Vidhi Vij	Data Science & Analytics Intern	Total Quality Logistics	Cincinnati, OH	Job Right	https://jobright.ai/jobs/info/68a36553403ad4363b1c0ae9	https://tql.avature.net/en_US/TQLexternalcareers/ApplicationMethods?jobId=6192&source=LinkedIn+Sponsored	https://drive.google.com/file/d/1RfWyI9NZJgDJAd_neDX_HF5QZ2OXUowA/view?usp=drive_link	Applied	f		2025-08-25 13:39:49.092727	2025-08-25 13:39:49.092727	https://drive.google.com/file/d/1i8c-nMpV0OERrnxJvYYxEQo31f_k-Tos/view?usp=drive_link
d1c4cef7-4153-4951-90bb-0bbe83a0e9b3	7197fa92-a71b-446a-86b5-0612a497e943	3b2d2071-8076-48f9-93db-07a87b1b8fae	2025-08-25	Vidhi Vij	Data Science Intern	Forrester	Cambridge, MA	Job Right	https://jobright.ai/jobs/info/6862cbd141b12874771d76a8	https://forrester.wd501.myworkdayjobs.com/careers/job/Cambridge-MA/Data-Science-Intern_R-101217?mode=job&iis=Job%252BBoard&iisn=LinkedIn	https://drive.google.com/file/d/18y29s6-lkj1KHNQmZNtLT3L72S41lzYL/view?usp=drive_link	Applied	t		2025-08-25 13:41:01.464718	2025-08-25 13:41:01.464718	
df7522cc-3af0-4597-ac00-fe23d33e2fe4	7197fa92-a71b-446a-86b5-0612a497e943	3b2d2071-8076-48f9-93db-07a87b1b8fae	2025-08-25	Vidhi Vij	Data Reporting and Analytics Consultant II, Data Science - SQL, Python, Machine Learning, ML	Kaiser Permanente	California-Downey-Downey Boeing - Independence Park	Job Right	https://jobright.ai/jobs/info/68ac2145d627244576e4498f	https://kp.taleo.net/careersection/external/jobdetail.ftl?job=1377075&tz=UTC-05%3A00&tzname=America%2FNew_York	https://drive.google.com/file/d/1wJp8siFcA_mOdhkDHPQaASRXaYUvrS5Z/view?usp=drive_link	Applied	t		2025-08-25 14:07:56.067559	2025-08-25 14:07:56.067559	
2e6718a1-4e66-40c8-89c3-99de9e2e3e42	bb6c09e2-b09e-4e43-8a8a-ceec742fa25e	77e5f0de-f40d-429e-8d41-263dd62e798a	2025-08-25	Mohd Arshad	Machine Learning Engineer, Reinforcement Learning	 Skild AI	San Francisco Bay Area	Job Right	https://jobright.ai/s/8qoLcK	https://job-boards.greenhouse.io/skildai-careers/jobs/4125333008	https://drive.google.com/file/d/1xJcXjEMkSrgRwOlNRAiYNCxacHNXEmIF/view?usp=sharing	Applied	t		2025-08-25 17:38:50.482449	2025-08-25 17:38:50.482449	
43b67cae-905c-40b2-b396-a7d985770151	dd48df9e-dafb-4d9d-86d6-1ed4b6eec744	59a38b6f-865f-448c-aa85-c9061d706575	2025-08-24	Murshid	Software Engineer III, AI/ML, Shopping Ads Targeting	Google	Mountain View, CA	Jobright	https://jobright.ai/jobs/info/68a9259d758f2e4ac3ff78fe	https://www.google.com/about/careers/applications/jobs/results/136914055137764038-software-engineer-iii/?src=jobright&utm_source=jobright&utm_medium=jobposting&utm_campaign=contract	https://drive.google.com/file/d/1uKj15aW9nJxpdROGL4nrRRfEwrwVj_BP/view?usp=drive_link	On Hold	f	IBR	2025-08-24 20:27:27.835369	2025-08-24 20:27:27.835369	
19f0f4d2-95e3-44f3-983c-1f3850d41b3f	dd48df9e-dafb-4d9d-86d6-1ed4b6eec744	59a38b6f-865f-448c-aa85-c9061d706575	2025-08-24	Murshid	Software Engineer III, Search AI/ML	Google	Mountain View, CA, USA	Jobright	https://jobright.ai/jobs/info/68a8d93b758f2e4ac3ff5dfd	https://www.google.com/about/careers/applications/jobs/results/78964088637399750-software-engineer-iii-search-aiml?page=23	https://drive.google.com/file/d/1R5HJBtdntDE6wI-is10VHs5VXMbASgoO/view?usp=drive_link	On Hold	f	IBR	2025-08-24 20:37:15.997439	2025-08-24 20:37:15.997439	
240ef6be-586f-4ce1-b05a-251e56cbdc91	dd48df9e-dafb-4d9d-86d6-1ed4b6eec744	59a38b6f-865f-448c-aa85-c9061d706575	2025-08-25	Murshid	Software Engineer I	KBR, Inc.	Colorado Springs, CO	Jobright	https://jobright.ai/jobs/info/68a7b5bd33dd7158bbca8e69	https://careers.kbr.com/us/en/job/KIVKBRUSR2111112EXTERNALENUS/Software-Engineer-I?utm_source=jobright&utm_medium=phenom-feeds	https://drive.google.com/file/d/1jPjwXK-tf3OYqpAcro6jpJ0MT7A2q0yg/view?usp=drive_link	Applied	t		2025-08-24 20:52:12.784239	2025-08-24 20:52:12.784239	
8617f26e-a8fe-45a2-97c9-bf85022d7697	dd48df9e-dafb-4d9d-86d6-1ed4b6eec744	59a38b6f-865f-448c-aa85-c9061d706575	2025-08-25	Murshid	Machine Learning Compiler / Firmware Engineer	Qualcomm	Austin, TX	Jobright	https://jobright.ai/jobs/info/68aa7c1ed627244576e3cff8	https://careers.qualcomm.com/careers/job/446703849589?hl=en-US&domain=qualcomm.com&source=APPLICANT_SOURCE-6-2	https://drive.google.com/file/d/1JGUnjL9EU5tkXLHATteJPvE9C1mY-RO0/view?usp=drive_link	Applied	t		2025-08-24 21:29:50.242264	2025-08-24 21:29:50.242264	
ce7102a7-ecae-480a-b395-732f0cb7e2d9	dd48df9e-dafb-4d9d-86d6-1ed4b6eec744	59a38b6f-865f-448c-aa85-c9061d706575	2025-08-25	Murshid	Software Development Engineer in Test II (Python & Networking)	Akamai Technologies	Remote	Jobright	https://jobright.ai/jobs/info/688d5e4f3a30793eb964a6e3	https://fa-extu-saasfaprod1.fa.ocs.oraclecloud.com/hcmUI/CandidateExperience/en/sites/CX_1/job/1124?utm_medium=jobboard&utm_source=jobright	https://drive.google.com/file/d/1BXGTCe_E8VKVRu4wgxYA0ARaOy8PJDI6/view?usp=drive_linkhttps://drive.google.com/file/d/1BXGTCe_E8VKVRu4wgxYA0ARaOy8PJDI6/view?usp=drive_link	Applied	t		2025-08-24 21:37:47.677626	2025-08-24 21:37:47.677626	
d7612b73-7a20-4bc6-a017-48982330c580	dd48df9e-dafb-4d9d-86d6-1ed4b6eec744	59a38b6f-865f-448c-aa85-c9061d706575	2025-08-25	Murshid	BI Engineer	Ascentt	Plano, TX	Jobright	https://jobright.ai/jobs/info/68a7afe5d627244576e2e01a	https://ats.rippling.com/ascentt/jobs/ff198927-5799-468b-959b-6c9c748c7be8?src=Linkedin	https://drive.google.com/file/d/18H3m4KnSQob_YyEMCaejdMlbfu3y0R4V/view?usp=drive_link	Applied	t		2025-08-24 21:48:37.730555	2025-08-24 21:48:37.730555	
faeef7f1-0cfe-4bdf-9bb4-dbbdc8346fe8	7197fa92-a71b-446a-86b5-0612a497e943	3b2d2071-8076-48f9-93db-07a87b1b8fae	2025-08-25	Vidhi Vij	Data Analyst	Columbia University- Mailman School of Public Health	Columbia University Medical Center	Job Right	https://opportunities.columbia.edu/jobs/e1883c83-cedf-4cc2-a56d-0b107c55aa36	https://secure.dc4.pageuppeople.com/apply/884/aw/applicationForm/submitConfirm.asp?sData=&lApplicationID=1758992&lJobID=551197	https://drive.google.com/file/d/1Eu63HbQ0BS7Mcmu5tantGzYOcbkvsPQw/view?usp=drive_link	Applied	t		2025-08-25 06:58:43.332527	2025-08-25 06:58:43.332527	
afa5dd00-c8de-4981-bf19-88d1a26b0e0a	7197fa92-a71b-446a-86b5-0612a497e943	3b2d2071-8076-48f9-93db-07a87b1b8fae	2025-08-25	Vidhi Vij	Technical Operations Analyst	Forage	New York, NY	Job Right	https://jobright.ai/jobs/info/68a6ab3633dd7158bbca1a95	https://www.ycombinator.com/companies/forage-2/jobs/j13r6lq-technical-operations-analyst?utm_source=syn_li	https://drive.google.com/file/d/10s6bl_Frz45OVX3VlL7Gkts-zUBJFyOV/view?usp=drive_link	Applied	t		2025-08-25 07:48:09.231254	2025-08-25 07:48:09.231254	
cf7f4cf9-edda-4df7-989c-8db85b4a636d	7197fa92-a71b-446a-86b5-0612a497e943	3b2d2071-8076-48f9-93db-07a87b1b8fae	2025-08-25	Vidhi Vij	Data & Analytics Intern (January 2026)	Schneider Electric	Boston, MA	Job Right	https://jobright.ai/jobs/info/68a5110633dd7158bbc96d5c	https://careers.se.com/jobs/96626?lang=en-us&iis=Job+Board&iisn=jobright&src=jobright	https://drive.google.com/file/d/14EToNDMcDFhukdQyHJmdPnYb5SzYd7hp/view?usp=drive_link	Applied	t		2025-08-25 07:48:53.05091	2025-08-25 07:48:53.05091	
149dae3a-6467-4201-9b17-0a58194ac241	7197fa92-a71b-446a-86b5-0612a497e943	3b2d2071-8076-48f9-93db-07a87b1b8fae	2025-08-25	Vidhi Vij	IN DWD - Data Analyst	Netpace Inc	Indianapolis, IN	Job Right	https://jobright.ai/jobs/info/68635dc4b67b685fecc127ba	https://www1.jobdiva.com/portal/?a=ohjdnwnhxf08a5ss8a01uynwpjw47305be3p0e3vt0mmzkcfmx6bpnhonqonbkdo&source=jobright&id=29771802&compid=-1#/jobs/29771802?jobtitle=IN+DWD+-+Data+Analyst	https://drive.google.com/file/d/1Jbm3De1Y2TpFN5ajMpchINfjaeEu9rdf/view?usp=drive_link	Applied	t		2025-08-25 07:49:40.33256	2025-08-25 07:49:40.33256	
c25a0710-1fd7-4b06-8d60-aae3b1c0093c	7197fa92-a71b-446a-86b5-0612a497e943	3b2d2071-8076-48f9-93db-07a87b1b8fae	2025-08-25	Vidhi Vij	Data Science & Digital Innovation Intern - Miami, FL	Danaher Life Sciences	Miami, FL	Job Right	https://jobright.ai/jobs/info/68aa8670d627244576e3d4ab	https://jobs.danaher.com/global/en/job/R1295068/Data-Science--Digital-Innovation-Intern---Miami-FL	https://drive.google.com/file/d/1emwNwt0yRxH9L9_5kszMM1603CvZe1RR/view?usp=drive_link	Applied	t		2025-08-25 07:50:23.405988	2025-08-25 07:50:23.405988	
bc0c9c8b-196e-4e5d-a907-941aa9a2f6d6	7197fa92-a71b-446a-86b5-0612a497e943	3b2d2071-8076-48f9-93db-07a87b1b8fae	2025-08-25	Vidhi Vij	Data Science & Business Analyst Intern Fall 2025	Tektronix - Ralliant	Remote - USA	Job Right	https://jobright.ai/jobs/info/68a65ee2758f2e4ac3fe47cf	https://ralliant.eightfold.ai/careers/job/1133902231834?domain=ralliant.com&utm_source=jobright&utm_medium=jobboard	https://drive.google.com/file/d/10k0GmEjw4fPoFuJM2KqgLFqqwelqdeWg/view?usp=drive_link	Applied	t		2025-08-25 07:51:20.898656	2025-08-25 07:51:20.898656	
22b7530b-d61c-4627-9d7d-2ad337ec68e1	e1d40ff8-bd9a-4c7a-ba90-0b627a8bd41c	77e5f0de-f40d-429e-8d41-263dd62e798a	2025-08-25	Mohd Arshad	Research Data Scientist	 Tatari	Los Angeles, CA	Job Right	https://jobright.ai/s/5070L7	https://boards.greenhouse.io/embed/job_app?token=8045547002&utm_source=jobright	https://drive.google.com/file/d/1PsWjXvlhCIZUXchj3xJisSNNpOgn0RMh/view?usp=sharing	Applied	t		2025-08-25 09:27:09.914867	2025-08-25 09:27:09.914867	
4bc5fd02-954f-49fe-8ef4-a18f60e06ec6	e1d40ff8-bd9a-4c7a-ba90-0b627a8bd41c	77e5f0de-f40d-429e-8d41-263dd62e798a	2025-08-24	Mohd Arshad	Machine Learning Engineer II	Expedia Group	Washington - Seattle Campus	Job Right	https://jobright.ai/s/6tpIrL	https://expedia.wd108.myworkdayjobs.com/search/job/Washington---Seattle-Campus/Machine-Learning-Engineer-II_R-97466-2	https://drive.google.com/file/d/1BmoRpvZNx8oGs8BkfBfib-ZX-lOenXUk/view?usp=sharing	Applied	t		2025-08-25 09:48:27.294874	2025-08-25 09:48:27.294874	
0ec9fdc6-4acb-4c3b-84d3-758a91bd46e7	e1d40ff8-bd9a-4c7a-ba90-0b627a8bd41c	77e5f0de-f40d-429e-8d41-263dd62e798a	2025-08-24	Mohd Arshad	Data Scientist	Houzz	United States	Job Right	https://jobright.ai/s/67wsmE	https://jobs.lever.co/houzz/17338d6e-8c89-4c25-95ac-3ceef8dd7fd5/apply?lever-source=LinkedInJobs	https://drive.google.com/file/d/1vukJ8pSNjOhsVIuOPtQbOd9fSYElAo0U/view?usp=sharing	Applied	t		2025-08-25 09:50:11.486486	2025-08-25 09:50:11.486486	
9d0f6674-28c3-40c2-95f7-3a927c43129d	e1d40ff8-bd9a-4c7a-ba90-0b627a8bd41c	77e5f0de-f40d-429e-8d41-263dd62e798a	2025-08-24	Mohd Arshad	Sr. Data Science Analyst (Hybrid)	Belk	Charlotte, NC	Job Right	https://jobright.ai/s/8QaFk2	https://belk.wd1.myworkdayjobs.com/Careers-Corporate/job/Charlotte-NC---Belk-Ecomm/Sr-Data-Science-Analyst--Hybrid-_JR-93964-1?source=LinkedIn	https://drive.google.com/file/d/1jw51GMZ3_eMoqeDHEIzRMdm0lm6QBfQT/view?usp=sharing	Applied	t		2025-08-25 09:51:01.615972	2025-08-25 09:51:01.615972	
f693d815-230c-495f-9266-4fd9b40dcabf	e1d40ff8-bd9a-4c7a-ba90-0b627a8bd41c	77e5f0de-f40d-429e-8d41-263dd62e798a	2025-08-24	Mohd Arshad	Senior Machine Learning Engineer II, NLU & Agentic AI	Moveworks	San Francisco, CA	Job Right	https://jobright.ai/s/4sBc7d	https://boards.greenhouse.io/embed/job_app?token=7606651002&utm_source=jobright	https://drive.google.com/file/d/1blvbceoDsvxZFxi8vA_P1gu8m2IdkLgH/view?usp=sharing	Applied	t		2025-08-25 09:51:47.725506	2025-08-25 09:51:47.725506	
6fe4f9ca-95ad-406b-963e-ce9c6a7614bd	e1d40ff8-bd9a-4c7a-ba90-0b627a8bd41c	77e5f0de-f40d-429e-8d41-263dd62e798a	2025-08-24	Mohd Arshad	Data Analyst	Kalamata Capital Group	Bethesda, MD	Job Right	https://jobright.ai/s/54qjmF	https://kcg.apscareerportal.com/jobs/3078482/apps/new	https://drive.google.com/file/d/1VcEn3MvMmZ8Jpw4AsqxiGzLBvTX9zbbe/view?usp=sharing	Applied	t		2025-08-25 09:52:27.489994	2025-08-25 09:52:27.489994	
565c34d3-a577-4000-bbe7-3041aba817d9	e1d40ff8-bd9a-4c7a-ba90-0b627a8bd41c	77e5f0de-f40d-429e-8d41-263dd62e798a	2025-08-24	Mohd Arshad	Staff Machine Learning Engineer 5	Adobe	San Jose, CA	Job Right	https://jobright.ai/s/84l3YA	https://careers.adobe.com/us/en/job/ADOBUSR158500EXTERNALENUS/Staff-Machine-Learning-Engineer-5?utm_source=jobright&utm_medium=phenom-feeds&source=LinkedIn	https://drive.google.com/file/d/1EyPcS2jiS2xQvw3wW5mceEaZvfI7-Ifm/view?usp=sharing	Applied	t		2025-08-25 09:53:14.154663	2025-08-25 09:53:14.154663	
5267efb3-86be-4122-9312-260f6cba00b3	e1d40ff8-bd9a-4c7a-ba90-0b627a8bd41c	77e5f0de-f40d-429e-8d41-263dd62e798a	2025-08-24	Mohd Arshad	Advanced Data Scientist	Honeywell	Atlanta, GA	Job Right	https://jobright.ai/s/8d5IiV	https://ibqbjb.fa.ocs.oraclecloud.com/hcmUI/CandidateExperience/en/sites/Honeywell/job/109368?utm_medium=jobboard&utm_source=jobright	https://drive.google.com/file/d/1VYy6NSt2oYNiGoBDWN45l4Nf_oB8Yy0V/view?usp=sharing	Applied	t		2025-08-25 09:53:47.977343	2025-08-25 09:53:47.977343	
6c79d2a4-8296-43d5-b78d-ffb4eeb70d75	e1d40ff8-bd9a-4c7a-ba90-0b627a8bd41c	77e5f0de-f40d-429e-8d41-263dd62e798a	2025-08-24	Mohd Arshad	Principal Data Scientist	Fidelity Investments	Merrimack, NH	Job Right	https://jobright.ai/s/7WrmzM	https://jobs.fidelity.com/en/jobs/2115301/principal-data-scientist/?source=LinkedIn_Job+Boards	https://drive.google.com/file/d/1doYAicBv7a7R78IIkoHlfa-thByrIuD5/view?usp=sharing	Applied	t		2025-08-25 09:54:24.549417	2025-08-25 09:54:24.549417	
5db996a9-a991-4a1e-b437-170de46a83b1	e1d40ff8-bd9a-4c7a-ba90-0b627a8bd41c	77e5f0de-f40d-429e-8d41-263dd62e798a	2025-08-24	Mohd Arshad	Machine Learning Engineer II, Maintenance	Flock Safety	United States	Job Right	https://jobright.ai/s/83MYdh	https://jobs.ashbyhq.com/Flock%20Safety/17823919-49af-4278-a2c3-6c2ad1d7f22f?utm_source=53ANrgQzgE	https://drive.google.com/file/d/1npNz8I9BibWAa36thAWy9amob6z3UOxS/view?usp=sharing	Applied	t		2025-08-25 09:54:58.248697	2025-08-25 09:54:58.248697	
891951e1-e452-4f63-af7a-7121f94a80d5	e1d40ff8-bd9a-4c7a-ba90-0b627a8bd41c	77e5f0de-f40d-429e-8d41-263dd62e798a	2025-08-24	Mohd Arshad	Data Scientist/Senior Data Scientist, Platform Data	Terray Therapeutics	Monrovia, CA	Job Right	https://jobright.ai/s/80w2W4	https://ats.rippling.com/terraytx/jobs/04a087e7-4154-49a8-b21e-2628812f1a8f?jobSite=LinkedIn	https://drive.google.com/file/d/1CwDllNV4X0uC7J2zuLr6syVuWgexO2je/view?usp=sharing	Applied	t		2025-08-25 09:56:20.997854	2025-08-25 09:56:20.997854	
5e385717-957c-4a11-a7d9-99c07f5e3d97	e1d40ff8-bd9a-4c7a-ba90-0b627a8bd41c	77e5f0de-f40d-429e-8d41-263dd62e798a	2025-08-25	Mohd Arshad	Asst Dir-Data Scientist	Moody's Corporation	USA	Job Right	https://jobright.ai/s/7S5CdF	https://careers.moodys.com/asst-dir-data-scientist/job/10289?utm_source=indeed&jobPipeline=indeed&source=indeed	https://drive.google.com/file/d/17yNgkbsEYh8WZvva_i7gHe9JQHsprz64/view?usp=sharing	Applied	t		2025-08-25 09:58:25.172031	2025-08-25 09:58:25.172031	
58a55a42-4d00-4342-a660-4040a2e7ba82	e1d40ff8-bd9a-4c7a-ba90-0b627a8bd41c	77e5f0de-f40d-429e-8d41-263dd62e798a	2025-08-25	Mohd Arshad	Senior Data Scientist - AI Developer	Fannie Mae	Washington, DC	Job Right	https://jobright.ai/s/5Acqtt	https://fanniemae.wd1.myworkdayjobs.com/en-US/FannieMaeCareers/job/Washington-DC/Senior-Data-Scientist---AI-Developer_JR855?rx_campaign=Linkedin1&rx_ch=connector&rx_group=473898&rx_id=12ebd61f-6f69-11f0-ac80-53ea863b0776&rx_job=JR855&rx_medium=post&rx_r=none&rx_source=Linkedin&rx_ts=20250824T181201Z&rx_vp=slots&source=Linkedin_JobSlots&rx_viewer=b3b663107f4911f0a3c1ff923615104c32596fde16cd46eaad9d83c9bbb3c10e	https://drive.google.com/file/d/13FiKfSA5Th6oK1pLcoVQV4gVGPmNqyqS/view?usp=sharing	Applied	t		2025-08-25 09:59:50.740304	2025-08-25 09:59:50.740304	
03cc5f0b-aa59-42c2-9563-4f99d3a4087e	e1d40ff8-bd9a-4c7a-ba90-0b627a8bd41c	77e5f0de-f40d-429e-8d41-263dd62e798a	2025-08-25	Mohd Arshad	Research Scientist	Bitdeer (NASDAQ: BTDR)	Austin, TX	Job Right	https://jobright.ai/s/6wwhLR	https://bitdeer.breezy.hr/p/29973c4c37bf-research-scientist?src=LinkedIn	https://drive.google.com/file/d/13FiKfSA5Th6oK1pLcoVQV4gVGPmNqyqS/view?usp=sharing	Applied	t		2025-08-25 10:00:47.345695	2025-08-25 10:00:47.345695	
df8bbf7a-cd88-4b5f-9340-9b5ea7a2f663	e1d40ff8-bd9a-4c7a-ba90-0b627a8bd41c	77e5f0de-f40d-429e-8d41-263dd62e798a	2025-08-25	Mohd Arshad	Machine Learning Software Engineer, Libraries	PhysicsX	New York, United States	Job Right	https://jobright.ai/s/819vWw	https://boards.greenhouse.io/embed/job_app?token=4644841101&utm_source=jobright	https://drive.google.com/file/d/1cYtKAxLs9aYJ7lapeJI6F_Fn4hmbarKF/view?usp=sharing	Applied	t		2025-08-25 10:02:30.58758	2025-08-25 10:02:30.58758	
e9d5c992-e803-4b3d-b513-cac435da361b	e1d40ff8-bd9a-4c7a-ba90-0b627a8bd41c	77e5f0de-f40d-429e-8d41-263dd62e798a	2025-08-25	Mohd Arshad	Data Analyst	Biocore LLC	Charlottesville, VA	Job Right	https://jobright.ai/s/6NRWia	https://boards.greenhouse.io/embed/job_app?token=4881350008&utm_source=jobright	https://drive.google.com/file/d/1cIyNEWdG3hB4jgOopy9-TYoODo-fqJRe/view?usp=sharing	Applied	t		2025-08-25 10:03:14.886507	2025-08-25 10:03:14.886507	
780ddf5c-dc43-4b42-b8da-a814390a88d6	e1d40ff8-bd9a-4c7a-ba90-0b627a8bd41c	77e5f0de-f40d-429e-8d41-263dd62e798a	2025-08-25	Mohd Arshad	Risk Strategy Data Scientist	BILL	Draper, UT	Job Right	https://jobright.ai/s/67wTbk	https://boards.greenhouse.io/embed/job_app?token=5429049004&utm_source=jobright	https://drive.google.com/file/d/1SkyMS4gMIVH3DGbs-gnewpayUH2zgr6x/view?usp=sharing	Applied	t		2025-08-25 10:06:16.043118	2025-08-25 10:06:16.043118	
cbd6b9d1-34c9-4695-98e3-16bdf1408015	e1d40ff8-bd9a-4c7a-ba90-0b627a8bd41c	77e5f0de-f40d-429e-8d41-263dd62e798a	2025-08-25	Mohd Arshad	Data Scientist (USA-Remote)	The Voleon Group	Oregon, United States	Job Right	https://jobright.ai/s/8z9sEN	https://jobs.lever.co/voleon/6cced335-ffb1-4519-b549-9324366f39f5/apply?source=LinkedIn	https://drive.google.com/file/d/1DwRMEyfUGprFy2y28U_3f_a4lgc2baNd/view?usp=sharing	Applied	t		2025-08-25 10:07:15.412093	2025-08-25 10:07:15.412093	
7d0de389-504f-480e-9918-9da97c9f2b6d	e1d40ff8-bd9a-4c7a-ba90-0b627a8bd41c	77e5f0de-f40d-429e-8d41-263dd62e798a	2025-08-25	Mohd Arshad	Senior Data Analyst	KiwiCo, Inc.	Mountain View, CA	Job Right	https://jobright.ai/s/7DC7qQ	https://boards.greenhouse.io/embed/job_app?token=4882683008&utm_source=jobright	https://drive.google.com/file/d/1cBPCbi0QUA80DZGpbGobOGFiPpSCet3p/view?usp=sharing	Applied	t		2025-08-25 10:07:52.116079	2025-08-25 10:07:52.116079	
2a64f332-34cd-46af-accd-b7f46014ef03	bb6c09e2-b09e-4e43-8a8a-ceec742fa25e	77e5f0de-f40d-429e-8d41-263dd62e798a	2025-08-25	Mohd Arshad	Deep Learning Manipulation Engineer	Skild AI	Pittsburgh, San Francisco	Job Right		https://job-boards.greenhouse.io/skildai-careers/jobs/4408092008	https://drive.google.com/file/d/17Uatv35mDlr5FRlddDXZTS1r_CdccUEq/view?usp=sharing	Applied	f		2025-08-25 17:49:11.415076	2025-08-25 17:49:11.415076	
6659fa11-e074-4beb-a438-75129521615f	bb6c09e2-b09e-4e43-8a8a-ceec742fa25e	77e5f0de-f40d-429e-8d41-263dd62e798a	2025-08-25	Mohd Arshad	Data Scientist	PhysicsX	New York, United States	Job Right	https://jobright.ai/s/8OjQgT	https://boards.greenhouse.io/embed/job_app?token=4644839101&utm_source=jobright	https://drive.google.com/file/d/1J1OKyp0fsf43PoCdQtBVrvsXx-y8YdYL/view?usp=sharing	Applied	t		2025-08-25 17:52:09.294067	2025-08-25 17:52:09.294067	
b1b64e65-4473-4696-8f06-8af8f812d202	bb6c09e2-b09e-4e43-8a8a-ceec742fa25e	77e5f0de-f40d-429e-8d41-263dd62e798a	2025-08-25	Mohd Arshad	Machine Learning Engineer	PhysicsX	New York, United States	Job Right	https://jobright.ai/s/819vWw	https://boards.greenhouse.io/embed/job_app?token=4644841101&utm_source=jobright	https://drive.google.com/file/d/1RjGzLVCnCjU9VaOxJtGddNbu8D3sRaH1/view?usp=sharing	Applied	t		2025-08-25 17:54:27.264506	2025-08-25 17:54:27.264506	
13fd7b48-b208-4490-85ad-bbc4bb759da8	bb6c09e2-b09e-4e43-8a8a-ceec742fa25e	77e5f0de-f40d-429e-8d41-263dd62e798a	2025-08-25	Mohd Arshad	Machine Learning Software Engineer, Libraries	PhysicsX	New York, United States	Job Right	https://jobright.ai/s/7FDliI	https://boards.greenhouse.io/embed/job_app?token=4652621101&utm_source=jobright	https://drive.google.com/file/d/15z93ATpEWicjduenI22U8BTLmpVc8OV7/view?usp=sharing	Applied	t		2025-08-25 17:59:31.166011	2025-08-25 17:59:31.166011	
bb293640-ad67-43bd-8228-3c8d8ea66917	bb6c09e2-b09e-4e43-8a8a-ceec742fa25e	77e5f0de-f40d-429e-8d41-263dd62e798a	2025-08-25	Mohd Arshad	Data Scientist (USA-Remote)	 The Voleon Group	Oregon, United States	Job Right	https://jobright.ai/s/8z9sEN	https://jobs.lever.co/voleon/6cced335-ffb1-4519-b549-9324366f39f5/apply?source=LinkedIn	https://drive.google.com/file/d/1jfSQafmrG8jmET3gZhXszDw8S97VZC11/view?usp=sharing	Applied	t		2025-08-25 18:01:37.89354	2025-08-25 18:01:37.89354	
97d01c22-90c9-4836-abf4-951cfcead051	bb6c09e2-b09e-4e43-8a8a-ceec742fa25e	77e5f0de-f40d-429e-8d41-263dd62e798a	2025-08-25	Mohd Arshad	Research Scientist	 Bitdeer (NASDAQ: BTDR)	Austin, TX	Job Right	https://jobright.ai/s/6wwhLR	https://bitdeer.breezy.hr/p/29973c4c37bf-research-scientist?src=LinkedIn	https://drive.google.com/file/d/1kcP28j2OpBP7aJJgMszEHMnC-C0cWpr-/view?usp=sharing	Applied	t		2025-08-25 18:06:04.236691	2025-08-25 18:06:04.236691	
d1caa869-17c3-4828-a20d-a545686093f3	7197fa92-a71b-446a-86b5-0612a497e943	f1c3bfcc-38b3-4c9c-9867-65b3846612a9	2025-08-25	Mohd Adnan	Associate Software Engineer	Ritchie Bros.	United States	linkedin	https://www.linkedin.com/jobs/view/4148707959/?alternateChannel=search&eBP=NOT_ELIGIBLE_FOR_CHARGING&refId=LQU97AT34Ag%2F0NvLoXicCA%3D%3D&trackingId=qYph8Kzf5ZZhBxS3qdd3sg%3D%3D	https://fa-exew-saasfaprod1.fa.ocs.oraclecloud.com/hcmUI/CandidateExperience/en/sites/CX_1/my-profile	https://drive.google.com/file/d/1VCNCQzgqi41n08EL9dt5MIwW1UGohytm/view?usp=drive_link	Applied	t		2025-08-25 18:07:49.347398	2025-08-25 18:07:49.347398	
50a80fd8-bb31-418b-b7f6-882586e8f168	dd48df9e-dafb-4d9d-86d6-1ed4b6eec744	59a38b6f-865f-448c-aa85-c9061d706575	2025-08-25	Murshid	AI Engineer	Loop	San Francisco, CA	Jobright	https://jobright.ai/jobs/info/675a39d1d90b0012bb0b1251	https://app.dover.com/apply/loop/356dc7b1-c084-46b3-b7db-20db32668ecc?rs=42706078	https://drive.google.com/file/d/1JKLOSGEwkcvYYNkU_K3rmBd9LHpdavKq/view?usp=drive_link	Applied	f		2025-08-25 18:09:23.507595	2025-08-25 18:09:23.507595	https://drive.google.com/file/d/1feKCdKn_bREy0CMRoNAxQSBQM9eIYC_d/view?usp=drive_link
bbeffc17-ca24-4b97-bcb6-fd22f8d540d0	bb6c09e2-b09e-4e43-8a8a-ceec742fa25e	77e5f0de-f40d-429e-8d41-263dd62e798a	2025-08-25	Mohd Arshad	Campus ML Research Engineer (Full-Time)	 Jump Trading Group	Chicago	Job Right	https://jobright.ai/s/7jaZOM	https://boards.greenhouse.io/embed/job_app?token=7141620&utm_source=jobright	https://drive.google.com/file/d/1Ce5cqKtgFxMC7ECZdPVGVfrOj8qLk30R/view?usp=sharing	Applied	t		2025-08-25 18:09:34.926976	2025-08-25 18:09:34.926976	
f7a31616-92e9-4645-bb62-5e5846254cd9	bb6c09e2-b09e-4e43-8a8a-ceec742fa25e	77e5f0de-f40d-429e-8d41-263dd62e798a	2025-08-25	Mohd Arshad	Data Scientist	Liberty Mutual Insurance	United States	Job Right	https://jobright.ai/s/6KFCII	https://searchjobs.libertymutualgroup.com/careers/job/618505933914?microsite=libertymutual.com&domain=libertymutual.com&utm_source=Job+Board&utm_campaign=LinkedIn+Jobs&extcmp=bof-paid-text-lkin-aljb	https://drive.google.com/file/d/1sp_PUAcKBSCENl5-MZ3S-pX7uv_WTudS/view?usp=sharing	Applied	t		2025-08-25 18:13:12.353051	2025-08-25 18:13:12.353051	
c8969159-ee2f-4aad-bada-9ab347f27228	dd48df9e-dafb-4d9d-86d6-1ed4b6eec744	59a38b6f-865f-448c-aa85-c9061d706575	2025-08-25	Murshid	Research Scientist	Bitdeer (NASDAQ: BTDR)	Austin, TX	Jobright	https://jobright.ai/jobs/info/68abf0acdaf1431824c91610	https://bitdeer.breezy.hr/p/29973c4c37bf-research-scientist?src=LinkedIn	https://drive.google.com/file/d/1R9H56cH0_S_hZh2eJg5Hj3qQI1fFM_c8/view?usp=drive_link	Applied	f		2025-08-25 18:22:10.060931	2025-08-25 18:22:10.060931	https://drive.google.com/file/d/1p6M1tNVQ6XzodckaOj64vs6yKV7gI2Bg/view?usp=drive_link
e170ded0-2169-4132-ab13-f4dc763fac9b	dd48df9e-dafb-4d9d-86d6-1ed4b6eec744	59a38b6f-865f-448c-aa85-c9061d706575	2025-08-25	Murshid	Machine Learning Engineer	PhysicsX	New York, United States	Jobright	https://jobright.ai/jobs/info/68abc714daf1431824c8f77c	https://boards.greenhouse.io/embed/job_app?token=4644841101&utm_source=jobright	https://drive.google.com/file/d/1MJ7VieysfQK9frzT2etrDdiDKstINRNF/view?usp=drive_link	Applied	t		2025-08-25 18:34:54.100627	2025-08-25 18:34:54.100627	https://drive.google.com/file/d/1jrdXlFJ-nzg5G9dy1Y6JRNjVOOSZh2g3/view?usp=drive_link
87113229-73e3-4d54-baad-18364780b1d3	dd48df9e-dafb-4d9d-86d6-1ed4b6eec744	59a38b6f-865f-448c-aa85-c9061d706575	2025-08-25	Murshid	Graduate Software Engineer (Redwood City, CA)	Anomali	Redwood City, CA	Jobright	https://jobright.ai/jobs/info/68a91631758f2e4ac3ff73ae	https://jobs.lever.co/anomali/a47978be-c0e9-471f-9c30-2255fce5dd75/apply?utm_source=jobright	https://drive.google.com/file/d/1oIYGWVx-Ac9WAL7SxoRkEQiusWJ8awhx/view?usp=drive_link	Applied	t		2025-08-25 18:44:56.643473	2025-08-25 18:44:56.643473	
e16bf00b-a08a-4b6a-9194-c9ea5accd36c	dd48df9e-dafb-4d9d-86d6-1ed4b6eec744	59a38b6f-865f-448c-aa85-c9061d706575	2025-08-26	Murshid	Data Scientist	Advantra Consulting Group 	Remote	Linkedin	https://www.linkedin.com/jobs/view/4290585275/?alternateChannel=search&eBP=NOT_ELIGIBLE_FOR_CHARGING&refId=h%2BJAD8Rdyyfa6FCAZladmg%3D%3D&trackingId=InFuFvVoHNG3viYviGksYQ%3D%3D	https://www.dice.com/job-detail/c59c1e30-0d4a-46ea-a551-a4a622210eba?utm_source=appcast&utm_medium=aggregator&utm_campaign=linkedin-dice-paid&utm_term=Advantra%20Consulting%20Group&utm_content=vp-linkedin-slots_most-recent&ccuid=64629416165&_ccid=175534749211193qwb36sj	https://drive.google.com/file/d/1xTN4KN4N7hevXYgY5CpZTgJI6bHRsrlM/view?usp=drive_link	Applied	f		2025-08-25 20:45:39.088098	2025-08-25 20:45:39.088098	https://drive.google.com/file/d/1pXFflgcctTgBjKOdY0xh6mda6BremTQB/view?usp=drive_link
6c26425d-bf02-4127-a2aa-040bbc83c5e9	dd48df9e-dafb-4d9d-86d6-1ed4b6eec744	59a38b6f-865f-448c-aa85-c9061d706575	2025-08-26	Murshid	Data Scientist 	UW Health	Remote	Linkedin	https://www.linkedin.com/jobs/view/4289363937/?alternateChannel=search&eBP=NOT_ELIGIBLE_FOR_CHARGING&refId=W4cYFtOMgpqFKMJRYFOlIg%3D%3D&trackingId=Rzxy5o%2Fc4tgLKpZoUY%2BMbA%3D%3D	https://eimy.fa.us6.oraclecloud.com/hcmUI/CandidateExperience/en/sites/CX_1/job/41352?utm_medium=jobshare	https://drive.google.com/file/d/1NjnhxRpKRDdqumQxF2qUFgmFbvoCrMm2/view?usp=drive_link	Applied	t		2025-08-25 21:01:46.272049	2025-08-25 21:01:46.272049	
e63b9c41-890e-44c3-a310-8f1f96a2a310	dd48df9e-dafb-4d9d-86d6-1ed4b6eec744	59a38b6f-865f-448c-aa85-c9061d706575	2025-08-26	Murshid	Data Scientist	TradeStation	Remote	Linkedin	https://www.linkedin.com/jobs/view/4227651102/?alternateChannel=search&eBP=NOT_ELIGIBLE_FOR_CHARGING&refId=a53PuyXLTP6ot4CpHkC4ZA%3D%3D&trackingId=f8caTnwhlYUD4ZJIfEh4nw%3D%3D	https://recruitingbypaycor.com/career/JobIntroduction.action?clientId=8acda11040238c0b014035a043691733&id=8a78859f96888d34019691f097fd0dd5&source=LinkedIn&code=&fromAggregate=false&qToken=&applicant_guid=	https://drive.google.com/file/d/1u4ci_LPa_clUQkJQ9gfORhnnN4jLYRbp/view?usp=drive_link	Applied	t		2025-08-25 21:12:21.91608	2025-08-25 21:12:21.91608	
df1bceba-58c7-4343-aba6-c7f25d6583be	dd48df9e-dafb-4d9d-86d6-1ed4b6eec744	59a38b6f-865f-448c-aa85-c9061d706575	2025-08-26	Murshid	AI Engineer	Amplify	Remote	Linkedin	https://www.linkedin.com/jobs/view/4281943249/?alternateChannel=search&eBP=NOT_ELIGIBLE_FOR_CHARGING&refId=a53PuyXLTP6ot4CpHkC4ZA%3D%3D&trackingId=I9r4FM%2FrABf%2B8BvCpUdpAA%3D%3D	https://amplify.wd1.myworkdayjobs.com/Amplify_Careers/job/Remote---United-States/AI-Engineer_Req_12122?source=LinkedIn	https://drive.google.com/file/d/1SYl0XtpuafJwLMiwlAPhOlOKGJ9f5nTI/view?usp=drive_link	Applied	t		2025-08-25 21:21:21.830889	2025-08-25 21:21:21.830889	
bf63cc15-63e0-42b7-806b-7f13d5703081	dd48df9e-dafb-4d9d-86d6-1ed4b6eec744	59a38b6f-865f-448c-aa85-c9061d706575	2025-08-26	Murshid	Data Scientist	Alma			https://www.linkedin.com/jobs/view/4290213384/?alternateChannel=search&eBP=NOT_ELIGIBLE_FOR_CHARGING&refId=a53PuyXLTP6ot4CpHkC4ZA%3D%3D&trackingId=I2JEtnDvfOwYoUH2uraJeQ%3D%3D	https://job-boards.greenhouse.io/alma/jobs/8134117002?gh_src=1a246d872us	https://drive.google.com/file/d/1QatvWzf8Eo_2hkfsHLHjEtMJxTIliI3c/view?usp=drive_link	Applied	t		2025-08-25 21:30:55.540277	2025-08-25 21:30:55.540277	https://drive.google.com/file/d/1oYIyqjXQ-5bNMT-qYquuI4WrqwHVb4SG/view?usp=drive_link
d6973940-0e8b-429f-af9e-3417143e92cb	dd48df9e-dafb-4d9d-86d6-1ed4b6eec744	59a38b6f-865f-448c-aa85-c9061d706575	2025-08-26	Murshid	Apple AI ML - Applied Research Engineer, Machine Translation	Apple	New York City, New York, United St	Jobright	https://jobright.ai/jobs/info/68acb36c758f2e4ac3007e6f	https://jobs.apple.com/en-us/details/200617742-2459/ai-ml-applied-research-engineer-machine-translation?team=MLAI	https://drive.google.com/file/d/1eHJQYMVODLqYJ-oVaCvl8yTmPDKYtKdr/view?usp=drive_link	On Hold	f	IBR	2025-08-26 02:01:17.644667	2025-08-26 02:01:17.644667	
a37577ad-33a4-4cc1-949d-e7dbd7f83e8d	dd48df9e-dafb-4d9d-86d6-1ed4b6eec744	59a38b6f-865f-448c-aa85-c9061d706575	2025-08-26	Murshid	Apple On-device ML Engineering Manager (ML Authoring & Conversion Tools)	Apple	Cupertino, California, United States	Jobright	https://jobright.ai/jobs/info/68ad0505758f2e4ac300a48a	https://jobs.apple.com/en-us/details/200617827-0836/on-device-ml-engineering-manager-ml-authoring-conversion-tools?team=MLAI	https://drive.google.com/file/d/1ZMdz1gNLXAJV5lCPwaCpHkfSmDyTq9AI/view?usp=drive_link	On Hold	f	IBR	2025-08-26 02:12:26.303602	2025-08-26 02:12:26.303602	
5e9fd787-b036-40ae-8bbe-482e480ac9e4	dd48df9e-dafb-4d9d-86d6-1ed4b6eec744	59a38b6f-865f-448c-aa85-c9061d706575	2025-08-26	Murshid	Jr. Data Engineer	The Lifetime Value Co.	Remote	Jobright	https://jobright.ai/jobs/info/68ad0687d627244576e4aa71	https://ltv.applytojob.com/apply/yPqtfzh7MA/Jr-Data-Engineer	https://drive.google.com/file/d/1LosqI9xvJl6Z7qRNPeMko7ob1PNHf3Df/view?usp=drive_link	Applied	t		2025-08-26 02:57:11.794042	2025-08-26 02:57:11.794042	
e2e36877-4bdc-4bf8-83e6-d9df61130bf4	dd48df9e-dafb-4d9d-86d6-1ed4b6eec744	59a38b6f-865f-448c-aa85-c9061d706575	2025-08-26	Murshid	Machine Learning Engineer	Oxipital AI	Bedford, Massachusetts, United St	Jobright	https://jobright.ai/jobs/info/68ad13bed627244576e4b0b7	https://oxipitalai.bamboohr.com/careers/168	https://drive.google.com/file/d/1WpHogcRPBs0sT-Tun1OqlNaRbCmoYV78/view?usp=drive_link	Applied	t		2025-08-26 03:10:20.111198	2025-08-26 03:10:20.111198	
49a95b36-2bbe-4144-8155-d2132786e4ae	dd48df9e-dafb-4d9d-86d6-1ed4b6eec744	59a38b6f-865f-448c-aa85-c9061d706575	2025-08-26	Murshid	ML Solutions Engineer	SuperAnnotate	San Francisco, CA	Jobright	https://jobright.ai/jobs/info/68ad199c758f2e4ac300ae7d	https://jobs.lever.co/superannotate/1057e6a0-3685-41bd-8898-96474aed05b0/apply?lever-source=LinkedIn	https://drive.google.com/file/d/1i9KidqdBYLri_wxEobWa9jhZ8g1vpIZK/view?usp=drive_link	Applied	t		2025-08-26 03:27:27.570135	2025-08-26 03:27:27.570135	
339f084d-ca76-4d6c-9c4b-9ea2153f2f99	7197fa92-a71b-446a-86b5-0612a497e943	3b2d2071-8076-48f9-93db-07a87b1b8fae	2025-08-26	Vidhi Vij	HFA TBA Data Analyst	Hilltop Securities Inc.	New York, NY	Job Right	https://jobright.ai/jobs/info/68acb5f8758f2e4ac30081a8	https://www.paycomonline.net/v4/ats/web.php/jobs/ViewJobDetails?job=383789&clientkey=4689D9AB2F6F99AD5F352379B206FD14	https://drive.google.com/file/d/1t5jrVPMBOHTviR8E2ua56L7s4vy1mUgW/view?usp=drive_link	Applied	t		2025-08-26 07:39:42.003228	2025-08-26 07:39:42.003228	
a5d103b2-761a-4187-875b-f9f859273a12	7197fa92-a71b-446a-86b5-0612a497e943	3b2d2071-8076-48f9-93db-07a87b1b8fae	2025-08-26	Vidhi Vij	Data Analyst	KIPP Texas Public Schools	Houston, TX	Job Right	https://jobright.ai/jobs/info/685b0b721fe76f13ca7b6240	https://jobs.smartrecruiters.com/KIPP/744000066882852-data-analyst?trid=2d92f286-613b-4daf-9dfa-6340ffbecf73	https://drive.google.com/file/d/1mx76gKE3T25XLbI4c6r0PcZWU2QAySYv/view?usp=drive_link	Applied	t		2025-08-26 07:40:30.127643	2025-08-26 07:40:30.127643	
5309cb63-6c95-4e1e-9493-f1b6c44eb57c	7197fa92-a71b-446a-86b5-0612a497e943	3b2d2071-8076-48f9-93db-07a87b1b8fae	2025-08-26	Vidhi Vij	Data Scientist	Appriss Retail	Remote (United States)	Job Right	https://jobright.ai/jobs/info/68ac910ddaf1431824c960d3	https://ats.rippling.com/appriss-retail/jobs/cd1fc6e5-ab8c-4f2e-97e0-c06be325456e	https://drive.google.com/file/d/1vILfahaJrOMFNEbPWrzHEx9184ULbpxk/view?usp=drive_link	Applied	t		2025-08-26 07:41:15.685829	2025-08-26 07:41:15.685829	
bc8d3f58-0c56-49be-a2c4-9a87d36e4e50	7197fa92-a71b-446a-86b5-0612a497e943	3b2d2071-8076-48f9-93db-07a87b1b8fae	2025-08-26	Vidhi Vij	Business Intelligence Analyst	HealthStream	Nashville, TN	Job Right	https://jobright.ai/jobs/info/68acfc40d627244576e4a5d6	https://www.paycomonline.net/v4/ats/web.php/jobs/ViewJobDetails?job=383789&clientkey=4689D9AB2F6F99AD5F352379B206FD14	https://drive.google.com/file/d/1SgJ7OXCabe-jJpKeYLDiWZMn4ONw8JtE/view?usp=drive_link	Applied	t		2025-08-26 07:42:03.733629	2025-08-26 07:42:03.733629	
af7f6d26-d52f-4a71-b8de-4ae1e3fa346e	7197fa92-a71b-446a-86b5-0612a497e943	3b2d2071-8076-48f9-93db-07a87b1b8fae	2025-08-26	Vidhi Vij	Data Analyst II	Fabletics	El Segundo, CA	Job Right	https://jobright.ai/jobs/info/68acfa77d627244576e4a49d	https://justfab.wd1.myworkdayjobs.com/fabletics/job/El-Segundo-CA/Data-Analyst-II_R7636?source=LinkedIn	https://drive.google.com/file/d/1o8lLYp9i0JH22Xt4sRqMHDhrgyR9SCMK/view?usp=drive_link	Applied	t		2025-08-26 07:42:43.065635	2025-08-26 07:42:43.065635	
028d83b1-17f7-425d-bf67-129aff37cca4	7197fa92-a71b-446a-86b5-0612a497e943	3b2d2071-8076-48f9-93db-07a87b1b8fae	2025-08-26	Vidhi Vij	Data Scientist	CVS Health	CT - Work from home	Job Right	https://jobright.ai/jobs/info/68ad0f5ddaf1431824c9a2f4	https://cvshealth.wd1.myworkdayjobs.com/CVS_Health_Careers/job/CT---Work-from-home/Data-Scientist_R0672535	https://drive.google.com/file/d/1GuAewHN6BR-2DkBhPPNyDyTMxdaKBtyC/view?usp=drive_link	Applied	t		2025-08-26 07:44:08.647949	2025-08-26 07:44:08.647949	
092cb3ef-c0a7-489b-b0b0-93b19ae2b51e	dd48df9e-dafb-4d9d-86d6-1ed4b6eec744	59a38b6f-865f-448c-aa85-c9061d706575	2025-08-26	Murshid	AI Front End UI Developer (early career)	Lockheed Martin	Colorado, Connecticut, Florida, Texas	Jobright	https://jobright.ai/jobs/info/68ad04f6758f2e4ac300a46f	https://sjobs.brassring.com/TGnewUI/Search/home/HomeWithPreLoad?partnerid=25037&siteid=5010&PageType=JobDetails&jobid=799366#jobDetails=799366_5010	https://drive.google.com/file/d/1wxKQomCJqynNe1QMYRy7nFdF9QV2lZAU/view?usp=drive_link	On Hold	f	IBR	2025-08-26 02:42:55.65668	2025-08-26 02:42:55.65668	
75825ec2-67ce-4a09-8387-36c32a825444	bb6c09e2-b09e-4e43-8a8a-ceec742fa25e	77e5f0de-f40d-429e-8d41-263dd62e798a	2025-08-25	Mohd Arshad	Senior Data Scientist - AI Developer	Fannie Mae	Washington, DC	Job Right	https://jobright.ai/s/5Acqtt	https://fanniemae.wd1.myworkdayjobs.com/en-US/FannieMaeCareers/job/Washington-DC/Senior-Data-Scientist---AI-Developer_JR855?rx_campaign=Linkedin1&rx_ch=connector&rx_group=473898&rx_id=12ebd61f-6f69-11f0-ac80-53ea863b0776&rx_job=JR855&rx_medium=post&rx_r=none&rx_source=Linkedin&rx_ts=20250825T061209Z&rx_vp=slots&source=Linkedin_JobSlots&rx_viewer=e53977177f3811f0a9913b047277a9bba3ace35f6b204b48b48e7d7cd4d1e83a	https://drive.google.com/file/d/1Pi9qRgknJ5QglKJJERlhJYtlrLPBCRFY/view?usp=sharing	Applied	t		2025-08-25 18:16:37.292558	2025-08-25 18:16:37.292558	
68f7b6b2-fc35-4caa-ba46-6cb69ef31629	bb6c09e2-b09e-4e43-8a8a-ceec742fa25e	77e5f0de-f40d-429e-8d41-263dd62e798a	2025-08-26	Mohd Arshad	Machine Learning Engineer	Oxipital AI	Bedford, Massachusetts	Job Right	https://jobright.ai/s/7Ck5KK	https://oxipitalai.bamboohr.com/careers/168	https://drive.google.com/file/d/12Mlby4z_k7q_-zYuGsLNpyGaF2Sjog2x/view?usp=sharing	Applied	t		2025-08-26 08:58:54.658027	2025-08-26 08:58:54.658027	
6921daae-6fdb-4d17-8f2b-168e306459e4	bb6c09e2-b09e-4e43-8a8a-ceec742fa25e	77e5f0de-f40d-429e-8d41-263dd62e798a	2025-08-26	Mohd Arshad	Data Scientist	 Nuro	 Mountain View, California (HQ)	Job Right	https://jobright.ai/s/6wJ8RY	https://boards.greenhouse.io/embed/job_app?token=7180980&utm_source=jobright	https://drive.google.com/file/d/1-AYOOTmmqIadY46ZnNtfsLgxMexu0k_h/view?usp=sharing	Applied	t		2025-08-26 09:03:10.303991	2025-08-26 09:03:10.303991	
e7da0a96-9883-48fe-acc4-8fb0afe3caa5	bb6c09e2-b09e-4e43-8a8a-ceec742fa25e	77e5f0de-f40d-429e-8d41-263dd62e798a	2025-08-26	Mohd Arshad	2026 University Graduate - Machine Learning Engineer	Adobe	Seattle, WA	Job Right	https://jobright.ai/s/5puE9A	https://careers.adobe.com/us/en/job/ADOBUSR157576EXTERNALENUS/2026-University-Graduate-Machine-Learning-Engineer?utm_source=jobright&utm_medium=phenom-feeds&source=LinkedIn	https://drive.google.com/file/d/1DM18BTh9oHqRZ7c07EJDSL0YJ4MCcRQI/view?usp=sharing	Applied	t		2025-08-26 09:06:20.347836	2025-08-26 09:06:20.347836	
e61db239-04dc-450c-b692-bd51dd5f190c	bb6c09e2-b09e-4e43-8a8a-ceec742fa25e	77e5f0de-f40d-429e-8d41-263dd62e798a	2025-08-26	Mohd Arshad	Data Scientist	Flagship Pioneering	Cambridge, MA	Job Right	https://jobright.ai/s/7CLHoF	https://boards.greenhouse.io/embed/job_app?token=8101062002&utm_source=jobright	https://drive.google.com/file/d/1mSGbuXvW3ZAzmQbUxcCxOMKTsrn3k0jO/view?usp=sharing	Applied	f		2025-08-26 09:14:33.220854	2025-08-26 09:14:33.220854	
d5853a22-0884-42a6-bf2b-3b5a9ee1bfd7	bb6c09e2-b09e-4e43-8a8a-ceec742fa25e	77e5f0de-f40d-429e-8d41-263dd62e798a	2025-08-26	Mohd Arshad	Machine Learning Operations Engineer	CLA (CliftonLarsonAllen)	Arlington, VA	Job Right	https://jobright.ai/s/95vQ9L	https://cliftonlarsonallen.wd1.myworkdayjobs.com/CLA/job/Arlington-VA/Machine-Learning-Operations-Engineer_R16111-1?src=APPLICANT_SOURCE-3-38	https://drive.google.com/file/d/1yj2bcwl1cI_3hjXxBWs6eRY07M2LZ8bb/view?usp=sharing	Applied	t		2025-08-26 09:17:52.427396	2025-08-26 09:17:52.427396	
211a9862-7388-43d5-9bcb-a53e1dce9dfd	bb6c09e2-b09e-4e43-8a8a-ceec742fa25e	77e5f0de-f40d-429e-8d41-263dd62e798a	2025-08-26	Mohd Arshad	Applied AI Engineer II	Tanium	Durham, NC (Hybrid)	Job Right	https://jobright.ai/s/5l1xkb	https://boards.greenhouse.io/embed/job_app?token=7190980&utm_source=jobright	https://drive.google.com/file/d/1jKYSD-CTnfFT7iZ83yqRnr0I1NZoPnMW/view?usp=sharing	Applied	t		2025-08-26 09:23:20.560105	2025-08-26 09:23:20.560105	
0f6fc6e1-f0b9-4306-a419-1a10fe756dc8	bb6c09e2-b09e-4e43-8a8a-ceec742fa25e	77e5f0de-f40d-429e-8d41-263dd62e798a	2025-08-26	Mohd Arshad	AI Software Engineer	 KLA	Ann Arbor, MI	Job Right	https://jobright.ai/s/6Hk9Gt	https://kla.wd1.myworkdayjobs.com/Search/job/Ann-Arbor-MI/AI-Software-Engineer_2528044-1?bid=370&source=Job_Board_LinkedIn	https://drive.google.com/file/d/1rNfjWpDc_ukloN0v8OZ8k0WYRw17xjo3/view?usp=sharing	Applied	t		2025-08-26 09:25:28.700636	2025-08-26 09:25:28.700636	
5c089fec-e6c0-409d-bede-67bf30653835	bb6c09e2-b09e-4e43-8a8a-ceec742fa25e	77e5f0de-f40d-429e-8d41-263dd62e798a	2025-08-26	Mohd Arshad	Jr. Data Engineer	The Lifetime Value Co.	United States	Job Right	https://jobright.ai/s/78yZKW	https://ltv.applytojob.com/apply/yPqtfzh7MA/Jr-Data-Engineer	https://drive.google.com/file/d/1Z7eKhXKSQUQ3_roBuwVM3Yy3hCZf7SjK/view?usp=sharing	Applied	t		2025-08-26 09:33:37.608495	2025-08-26 09:33:37.608495	
6bbf55fb-d9a0-4c78-8ffa-672674888668	bb6c09e2-b09e-4e43-8a8a-ceec742fa25e	77e5f0de-f40d-429e-8d41-263dd62e798a	2025-08-26	Mohd Arshad	ML Solutions Engineer	SuperAnnotate	San Francisco, CA	Job Right	https://jobright.ai/s/7xjF3m	https://jobs.lever.co/superannotate/1057e6a0-3685-41bd-8898-96474aed05b0/apply?lever-source=LinkedIn	https://drive.google.com/file/d/1C7C2z4qfIRHpaT5PJcQzaTUW9txIIPss/view?usp=sharing	Applied	t		2025-08-26 09:37:39.451367	2025-08-26 09:37:39.451367	
9cadcc6d-8629-48fc-919e-8aae32da44cc	bb6c09e2-b09e-4e43-8a8a-ceec742fa25e	77e5f0de-f40d-429e-8d41-263dd62e798a	2025-08-26	Mohd Arshad	Data Scientist	Greylock Partners	Mountain View, California (HQ)	Job Right	https://jobright.ai/s/7OrLB6	https://www.nuro.ai/careersitem?gh_jid=7180980	https://drive.google.com/file/d/1KNew0bv-DlxzZ7DKKuw3riE35w1Jizx_/view?usp=sharing	Applied	t		2025-08-26 09:43:29.10549	2025-08-26 09:43:29.10549	
0c94305c-eefe-444a-bba2-91b8ebbe2898	7197fa92-a71b-446a-86b5-0612a497e943	3b2d2071-8076-48f9-93db-07a87b1b8fae	2025-08-26	Vidhi Vij	Data Governance Analyst	Everest	Warren, NJ	Job Right	https://jobright.ai/jobs/info/689ce975faa4e875e826bd97	https://wd5.myworkdaysite.com/en-US/recruiting/everestre/careers/job/Warren-NJ/Data-Governance-Analyst_R6332	https://drive.google.com/file/d/1F1Z2B31LWFJrIRUpXAPr1iD_tEQ2ewyl/view?usp=drive_link	Applied	t		2025-08-26 13:24:44.450292	2025-08-26 13:24:44.450292	
2d3dad26-9d85-4952-92b4-15b90de43b7b	7197fa92-a71b-446a-86b5-0612a497e943	3b2d2071-8076-48f9-93db-07a87b1b8fae	2025-08-26	Vidhi Vij	Data Analyst - Business Analytics	Schonfeld	New York, NY	Job Right	https://jobright.ai/jobs/info/6894ed2b73b3a600fe883634	https://boards.greenhouse.io/embed/job_app?token=7105891&utm_source=jobright	https://drive.google.com/file/d/1SOOsR00DgT44zxf4G4RMwQH87UrEhsvw/view?usp=drive_link	Applied	t		2025-08-26 13:25:28.530776	2025-08-26 13:25:28.530776	
1b164b22-5f0a-4cd2-9c66-8a7e38f0af78	7197fa92-a71b-446a-86b5-0612a497e943	3b2d2071-8076-48f9-93db-07a87b1b8fae	2025-08-26	Vidhi Vij	Senior Analyst, Data Science	Hearts & Science	New York, NY	Job Right	https://jobright.ai/jobs/info/6850a99a059bb5aa433a227f	https://boards.greenhouse.io/embed/job_app?token=4665802007&utm_source=jobright	https://drive.google.com/file/d/1K35R8UKj19iGuSOc80Qqnz0UHRyIBUZd/view?usp=drive_link	Applied	t		2025-08-26 13:26:07.448655	2025-08-26 13:26:07.448655	
204f4a56-f50c-479e-9c0e-1af930694838	7197fa92-a71b-446a-86b5-0612a497e943	f1c3bfcc-38b3-4c9c-9867-65b3846612a9	2025-08-26	Mohd Adnan	Machine Learning Engineer	ArcBest	Fort Smith, AR	linkedin	https://www.linkedin.com/jobs/view/4275189700/?alternateChannel=search&eBP=NOT_ELIGIBLE_FOR_CHARGING&refId=KCTbDDCKAEluYrl63%2Fgg5g%3D%3D&trackingId=Fl72P65NoHy20Of5E069Rg%3D%3D	https://careers.arcb.com/careersmarketplace/Success?jobId=26746&recommendation=&source=Indeed&tags=&user=&formValues=	https://drive.google.com/file/d/11SXtuYLkIRWb4GUttgJrKP_i5JHX_Tu1/view?usp=drive_link	Applied	f	screenshot	2025-08-26 16:46:17.967022	2025-08-26 16:46:17.967022	https://careers.arcb.com/careersmarketplace/Success?jobId=26746&recommendation=&source=Indeed&tags=&user=&formValues=
75ae1460-9ffc-4287-94ea-861bba397b80	dd48df9e-dafb-4d9d-86d6-1ed4b6eec744	59a38b6f-865f-448c-aa85-c9061d706575	2025-08-26	Murshid	Data Governance Analyst	NVIDIA				https://nvidia.wd5.myworkdayjobs.com/en-US/NVIDIAExternalCareerSite/details/Data-Governance-Analyst_JR2001616?source=jobright	https://drive.google.com/file/d/1uKmg9W17SUsR9CEZCmSA0wh28kq2_dm8/view?usp=drive_link	On Hold	t	APPLY WITH REFERAL TOO	2025-08-26 19:03:00.871471	2025-08-26 19:03:00.871471	
69d1467a-2d80-449b-95c4-7c0c3a523e3b	7b506467-4c02-4201-990c-75efbb75b04a	68dcbf01-926d-4c8b-8123-9949496ea8e5	2025-08-27	Qazi Haroon	Assistant Project Manager	Bergelectric	El Paso, TX	LinkedIn	https://www.linkedin.com/jobs/search/?currentJobId=4242885623&geoId=102748797&keywords=project%20manager&origin=JOB_SEARCH_PAGE_JOB_FILTER&refresh=true&spellCorrectionEnabled=true	https://careers-bergelectric.icims.com/jobs/1813/assistant-project-manager/login		Applied	t		2025-08-27 06:04:58.934609	2025-08-27 06:04:58.934609	https://drive.google.com/file/d/1Nw3yoFaN5IKaXd3muheMGk4VdC7VfyEB/view?usp=drive_link
efdbc399-dd19-4e93-acc5-a5d15208ec3c	7b506467-4c02-4201-990c-75efbb75b04a	68dcbf01-926d-4c8b-8123-9949496ea8e5	2025-08-27	Qazi Haroon	Project Coordinator	Lee Lewis Construction, Inc	Lubbock, TX (On-site)	LinkedIn	https://www.linkedin.com/jobs/search/?currentJobId=4291307933&f_TPR=r86400&geoId=102748797&keywords=project%20engineer&origin=JOB_SEARCH_PAGE_SEARCH_BUTTON&refresh=true&spellCorrectionEnabled=true	https://workforcenow.adp.com/mascsr/default/mdf/recruitment/recruitment.html?cid=97125276-4780-4e11-a423-c8307f114837&ccId=19000101_000001&lang=en_US&jobId=551669&source=LI		Applied	t		2025-08-27 06:37:10.111545	2025-08-27 06:37:10.111545	https://drive.google.com/file/d/1W1kUFkeE_4oA0gif0SFgBdImTFrWj3A8/view?usp=drive_link
78abed04-c979-4cb8-a4fe-ceb48854b3c4	7b506467-4c02-4201-990c-75efbb75b04a	68dcbf01-926d-4c8b-8123-9949496ea8e5	2025-08-27	Qazi Haroon	Project Engineer II	Forgen	Houston TX	LinkedIn	https://www.linkedin.com/jobs/search/?currentJobId=4266357563&f_TPR=r86400&geoId=102748797&keywords=project%20engineer&origin=JOB_SEARCH_PAGE_SEARCH_BUTTON&refresh=true&spellCorrectionEnabled=true	https://job-boards.greenhouse.io/forgen/jobs/4649272007	https://drive.google.com/file/d/1V-v5JzVJbMGJR0T08rPpyRQRNUx-xYyn/view?usp=drive_link	Applied	f		2025-08-27 06:43:19.093935	2025-08-27 06:43:19.093935	
958fe418-8b10-4532-af07-00f8263cf584	7b506467-4c02-4201-990c-75efbb75b04a	68dcbf01-926d-4c8b-8123-9949496ea8e5	2025-08-27	Qazi Haroon	Contract I/E Project Engineer	H+M Industrial EPC	Pasadena, TX (On-site)	LinkedIn	https://www.linkedin.com/jobs/search/?currentJobId=4277228529&f_TPR=r86400&geoId=102748797&keywords=project%20engineer&origin=JOB_SEARCH_PAGE_SEARCH_BUTTON&refresh=true&spellCorrectionEnabled=true	https://hm-ec.hrmdirect.com/employment/job-opening.php?req=3427281#job	https://drive.google.com/file/d/1o_LajZuKlFs72B3lrOdAzqSnFyZYm8Xz/view?usp=drive_link	Applied	t		2025-08-27 06:52:20.030189	2025-08-27 06:52:20.030189	
8b6132ef-20c1-4beb-a7ce-3b45f554018a	7b506467-4c02-4201-990c-75efbb75b04a	68dcbf01-926d-4c8b-8123-9949496ea8e5	2025-08-27	Qazi Haroon	Procurement Analyst	CBRE	United States (Remote)	LinkedIn	https://www.linkedin.com/jobs/search/?currentJobId=4291663059&f_TPR=r86400&geoId=102748797&keywords=supply%20chain%20analyst&origin=JOB_SEARCH_PAGE_KEYWORD_AUTOCOMPLETE&refresh=true&spellCorrectionEnabled=true	https://careers.cbre.com/en_US/careers/JobDetail/Procurement-Analyst/235393?source=Linkedin	https://drive.google.com/file/d/1ZU9NkS4IOni9tD1OVohOIbbbR7gN-D83/view?usp=drive_link	Applied	f		2025-08-27 07:17:33.090005	2025-08-27 07:17:33.090005	https://careers.cbre.com/en_US/careers/Success?jobId=235393&source=Linkedin
91447a2f-2a37-4d8c-8bf2-e6f40b685991	7197fa92-a71b-446a-86b5-0612a497e943	3b2d2071-8076-48f9-93db-07a87b1b8fae	2025-08-27	Vidhi Vij	Data Analyst	Cushman & Wakefield	New York, New York, USA	Job Right	https://jobright.ai/jobs/info/68adf2b6daf1431824c9f2e0	https://cw.wd1.myworkdayjobs.com/external/job/New-York-New-York-USA/Data-Analyst_R284481	https://drive.google.com/file/d/1zrvSHFIjct95rU9LgUqnQvzEJXh5PIRq/view?usp=drive_link	Applied	t		2025-08-27 07:24:53.838703	2025-08-27 07:24:53.838703	
3f1bc61f-69ef-4eec-b983-cf2ecfd0281e	7197fa92-a71b-446a-86b5-0612a497e943	3b2d2071-8076-48f9-93db-07a87b1b8fae	2025-08-27	Vidhi Vij	Data Scientist I	Spencer's	Egg Harbor, NJ	Job Right	https://jobright.ai/jobs/info/68ae9eaa2daaba3984419103	https://spencersonline.jobs.net/jobs/J3V7TZ631JLRSH6J5YT?mode=apply&iis=LinkedIn	https://drive.google.com/file/d/1p4UAA5QdDc-hI4kOW-4KfdWdJpGGKwLn/view?usp=drive_link	Applied	t		2025-08-27 07:25:35.737269	2025-08-27 07:25:35.737269	
a0c82638-f293-4138-8aeb-cedfef985dc1	7197fa92-a71b-446a-86b5-0612a497e943	3b2d2071-8076-48f9-93db-07a87b1b8fae	2025-08-27	Vidhi Vij	Payor Data Analyst- Remote	Sharecare	United States	Job Right	https://jobright.ai/jobs/info/68ade23ad627244576e4f8e4	https://sharecare.wd1.myworkdayjobs.com/Sharecare_Careers/job/Remote/Payor-Data-Analyst--Remote_R-101385	https://drive.google.com/file/d/1JisDERBImymJQFG0r2HaNAlZykW_URCR/view?usp=drive_link	Applied	t		2025-08-27 07:26:23.998706	2025-08-27 07:26:23.998706	
c7d9f822-470b-4823-8d54-650a39ed0be3	7197fa92-a71b-446a-86b5-0612a497e943	3b2d2071-8076-48f9-93db-07a87b1b8fae	2025-08-27	Vidhi Vij	Data Analyst II	Lotte Engineering & Construction	Remote - USA	Job Right	https://jobright.ai/jobs/info/68adf14cdaf1431824c9f144	https://fa-eqhn-saasfaprod1.fa.ocs.oraclecloud.com/hcmUI/CandidateExperience/en/sites/CX_2/job/3072	https://drive.google.com/file/d/1mkmCRPBeA8Cc_bgzlaKRVBxvV_KOmpI5/view?usp=drive_link	Applied	t		2025-08-27 07:27:03.108016	2025-08-27 07:27:03.108016	
425e2987-62f1-45c4-96a6-ac6b9292099d	7197fa92-a71b-446a-86b5-0612a497e943	3b2d2071-8076-48f9-93db-07a87b1b8fae	2025-08-27	Vidhi Vij	Business Intelligence Analyst	Cellular Sales	Knoxville, TN	Job Right	https://jobright.ai/jobs/info/68adf71b758f2e4ac300fefa	http://careers-cellularsales.icims.com/jobs/19008/business-intelligence-analyst/candidate?mode=prepopulate&iis=Job%2BBoard&iisn=LinkedIn&mobile=false&width=1312&height=500&bga=true&needsRedirect=false&jan1offset=330&jun1offset=330	https://drive.google.com/file/d/1hxUyZvZp1SC9kw5MT8dB94XgQK8pMBpc/view?usp=drive_link	Applied	t		2025-08-27 07:27:43.413025	2025-08-27 07:27:43.413025	
56f7e7d8-6ae9-476e-a683-199779a278f7	7197fa92-a71b-446a-86b5-0612a497e943	3b2d2071-8076-48f9-93db-07a87b1b8fae	2025-08-27	Vidhi Vij	Senior Engineer II	Alcon	Fort Worth, TX	Job Right	https://www.linkedin.com/jobs/view/4289744927/	https://alcon.wd5.myworkdayjobs.com/careers_alcon/job/Fort-Worth-Texas/Senior-Engineer-II_R-2025-41121-1?source=LinkedIn	https://drive.google.com/file/d/1ZiD_84qvGcWvMnUD7frcWS8-UuiOLqN5/view?usp=drive_link	Applied	t		2025-08-27 07:28:27.547881	2025-08-27 07:28:27.547881	
60a29bbf-31cf-4dc4-84b8-67719fff3c65	7197fa92-a71b-446a-86b5-0612a497e943	3b2d2071-8076-48f9-93db-07a87b1b8fae	2025-08-27	Vidhi Vij	Sr. Government Pricing Analyst	Alcon	Fort Worth, TX	Job Right	https://alcon.wd5.myworkdayjobs.com/careers_alcon/job/Fort-Worth-Texas/Sr-Government-Pricing-Analyst_R-2025-41526-1	https://alcon.wd5.myworkdayjobs.com/careers_alcon/job/Fort-Worth-Texas/Sr-Government-Pricing-Analyst_R-2025-41526-1	https://drive.google.com/file/d/1mNKyj8lEMoTwRhBdT51-QJ5FpMSO5gLM/view?usp=drive_link	Applied	t		2025-08-27 07:29:05.878507	2025-08-27 07:29:05.878507	
50eec55b-082a-40e2-bbba-006582b465f0	7197fa92-a71b-446a-86b5-0612a497e943	3b2d2071-8076-48f9-93db-07a87b1b8fae	2025-08-27	Vidhi Vij	Analyst/Senior Analyst, Performance & Analytics (Finance)	BCI	Victoria, BC	Job Right	https://bci.wd10.myworkdayjobs.com/en-US/BCI_Careers/details/Analyst-Senior-Analyst--Performance---Analytics--Finance-_JR101214	https://bci.wd10.myworkdayjobs.com/en-US/BCI_Careers/job/Victoria%2C-BC/Analyst-Senior-Analyst--Performance---Analytics--Finance-_JR101214/apply/autofillWithResume	https://drive.google.com/file/d/1GlIOITX6g5MSuE9QfOimwYEQp10sys7y/view?usp=drive_link	Applied	f		2025-08-27 07:30:38.06804	2025-08-27 07:30:38.06804	https://drive.google.com/file/d/1HhS3SbsYZ0d_2vrFurw7FBpzkEYTbslB/view?usp=drive_link
afa57983-ec59-418d-a912-748cc14fca07	7197fa92-a71b-446a-86b5-0612a497e943	f1c3bfcc-38b3-4c9c-9867-65b3846612a9	2025-08-27	Mohd Adnan	AI/ML Engineer	Collabera	Charlotte, NC	linkedin	https://www.linkedin.com/jobs/view/4291353500/?alternateChannel=search&eBP=NOT_ELIGIBLE_FOR_CHARGING&refId=C2%2BESAa2DurqRkEcyYGyDQ%3D%3D&trackingId=l%2B2jxOrwsngPVcUMmy09lQ%3D%3D	https://collabera.com/job-description/?post=364670&refid=col_linkedin	https://drive.google.com/file/d/1zvLYLEZ3R_aKqIhieprpfWDCiQLqB-_A/view?usp=drive_link	Applied	t		2025-08-27 08:39:54.874301	2025-08-27 08:39:54.874301	
\.


--
-- Data for Name: sessions; Type: TABLE DATA; Schema: public; Owner: neondb_owner
--

COPY public.sessions (sid, sess, expire) FROM stdin;
wklkQG64Lb9J9Y2rTrqeKEaEwINXoXIO	{"cookie":{"originalMaxAge":86400000,"expires":"2025-08-27T11:16:14.910Z","secure":true,"httpOnly":true,"path":"/","sameSite":"none"},"user":{"id":"da7acf9c-88a9-4eef-b9d7-d0b8d4e88486","email":"admin@aplyease.com","name":"Admin User","role":"ADMIN","company":"AplyEase"}}	2025-08-27 11:16:15
tFZ6BS0sa4Ecks_cC9MDk2SNx6aHmdZn	{"cookie":{"originalMaxAge":86400000,"expires":"2025-08-27T12:25:29.849Z","secure":true,"httpOnly":true,"path":"/","sameSite":"none"},"user":{"id":"3b2d2071-8076-48f9-93db-07a87b1b8fae","email":"vidhiq6@gmail.com","name":"Vidhi Vij","role":"EMPLOYEE","company":"Aplyease"}}	2025-08-27 12:25:30
jwzle5fM1cqgrEAUN8LchEI6kFQDQ8Wu	{"cookie":{"originalMaxAge":86400000,"expires":"2025-08-27T15:07:13.501Z","secure":true,"httpOnly":true,"path":"/","sameSite":"none"},"user":{"id":"f1c3bfcc-38b3-4c9c-9867-65b3846612a9","email":"mohdadnands@gmail.com","name":"Mohd Adnan","role":"EMPLOYEE","company":"AplyEase"}}	2025-08-27 15:07:14
tSZHXgI313LJfdyEFwwAyL1GP2yQKvrd	{"cookie":{"originalMaxAge":86400000,"expires":"2025-08-27T18:32:08.138Z","secure":true,"httpOnly":true,"path":"/","sameSite":"none"},"user":{"id":"59a38b6f-865f-448c-aa85-c9061d706575","email":"mdghulammurshid7@gmail.com","name":"Murshid","role":"EMPLOYEE","company":"AplyEase"}}	2025-08-27 18:32:09
BBBw2eNkUmM84mXoV0v0BEDc6cc6uhQU	{"cookie":{"originalMaxAge":86400000,"expires":"2025-08-28T02:02:26.925Z","secure":true,"httpOnly":true,"path":"/","sameSite":"none"},"user":{"id":"7197fa92-a71b-446a-86b5-0612a497e943","email":"pravallikakilari18@gmail.com","name":"Pravallika","role":"CLIENT","company":"Univeristy of houston"}}	2025-08-28 02:02:27
GWGrELg7ib4atjEmCwdH_mUEiYYyuDjm	{"cookie":{"originalMaxAge":86400000,"expires":"2025-08-28T04:41:10.682Z","secure":true,"httpOnly":true,"path":"/","sameSite":"none"},"user":{"id":"3b2d2071-8076-48f9-93db-07a87b1b8fae","email":"vidhiq6@gmail.com","name":"Vidhi Vij","role":"EMPLOYEE","company":"Aplyease"}}	2025-08-28 04:41:11
4k8PeDSw8bVD9I6LdD1dyE4XxulOk5em	{"cookie":{"originalMaxAge":86400000,"expires":"2025-08-28T05:11:00.172Z","secure":true,"httpOnly":true,"path":"/","sameSite":"none"},"user":{"id":"da7acf9c-88a9-4eef-b9d7-d0b8d4e88486","email":"admin@aplyease.com","name":"Admin User","role":"ADMIN","company":"AplyEase"}}	2025-08-28 05:11:01
rJRV_BQdlVLRpJhQ5txG0o6-dx5kw-Hh	{"cookie":{"originalMaxAge":86400000,"expires":"2025-08-28T05:40:12.707Z","secure":true,"httpOnly":true,"path":"/","sameSite":"none"},"user":{"id":"68dcbf01-926d-4c8b-8123-9949496ea8e5","email":"qaziharoon@aplyease.com","name":"Qazi Haroon","role":"EMPLOYEE","company":"Aplyease"}}	2025-08-28 05:40:13
RYYa6pO_JXCA0I2UW97G6P5MXKXzHQlH	{"cookie":{"originalMaxAge":86400000,"expires":"2025-08-28T06:24:48.893Z","secure":true,"httpOnly":true,"path":"/","sameSite":"none"},"user":{"id":"e87b17b0-0ef6-4fca-b5f4-5a677950ad64","email":"saaduddinofficial47@gmail.com","name":"Saad Uddin ","role":"CLIENT","company":"AplyEase"}}	2025-08-28 06:24:49
\.


--
-- Data for Name: users; Type: TABLE DATA; Schema: public; Owner: neondb_owner
--

COPY public.users (id, name, email, role, company, is_active, password_hash, created_at, updated_at, applications_remaining) FROM stdin;
da7acf9c-88a9-4eef-b9d7-d0b8d4e88486	Admin User	admin@aplyease.com	ADMIN	AplyEase	t	$2b$12$VN.XaHnxnSNRJK.61bERBeSp/p5d57V8YgLS9eoTa9gP8B0BRoegW	2025-08-16 07:59:21.039975	2025-08-16 07:59:21.039975	0
06f506a6-d695-43fc-96f0-c64db701840e	Arshad	arshad@client.com	CLIENT	Client Company	f	$2b$12$r/1oGtuV6LpGyh1bbzYFv.9acdWBBnHLNhUa9oMVz/76Mi7YC1kI6	2025-08-16 07:59:21.16872	2025-08-16 08:34:45.683	0
5a9559ba-d7d1-4d88-a936-d11b7bcd0ae9	John Employee	employee@aplyease.com	EMPLOYEE	AplyEase	f	$2b$12$vykt7F7TG6zPWYiXCXf0eOvw060En3Rr6xDpPaxqrOHdFFie76ei6	2025-08-16 07:59:21.114885	2025-08-17 07:46:45.03	0
e87b17b0-0ef6-4fca-b5f4-5a677950ad64	Saad Uddin 	saaduddinofficial47@gmail.com	CLIENT	AplyEase	t	$2b$12$6LLYFVLlEwvaiR4eVfVzyOAJxgEx8TAR9c1A5UmOOFDuau2wpEWJm	2025-08-24 07:04:43.300855	2025-08-24 07:04:43.300855	495
59a38b6f-865f-448c-aa85-c9061d706575	Murshid	mdghulammurshid7@gmail.com	EMPLOYEE	AplyEase	t	$2b$12$WT8AoKh8yZRDQXu2UuqboeQ2Vj8gXQDIt2XWOPuCJzJoUgSVy7xYK	2025-08-24 07:06:11.001911	2025-08-24 07:06:11.001911	0
f1c3bfcc-38b3-4c9c-9867-65b3846612a9	Mohd Adnan	mohdadnands@gmail.com	EMPLOYEE	AplyEase	t	$2b$12$BGUpvGOBZa27hp0JtP3vK.6a/5PdNPU/cDijNFDaN9INcSo8fg1mC	2025-08-24 07:08:23.793019	2025-08-24 07:08:23.793019	0
3ed0c821-4485-4f32-99fc-9ece557978f2	Harron	Haroon@aplyease.com	EMPLOYEE	AplyEase	f	$2b$12$Toy2X9jTu8UONDkNIzBzvOupK2/ZEWoDdn2szNrZbaSBJwEpzMmu.	2025-08-16 08:26:16.471941	2025-08-24 07:09:02.339	0
e648f9da-4f5c-487a-afb4-9e6ad65e6460	Madhiya	madhiya@aplyease.com	EMPLOYEE	AplyEase	f	$2b$12$Bgo0Fxm2ZVAZOg902x9VL.pIqvqDsTFlpnfiOOhoffn2KxNuhKiTO	2025-08-17 06:30:02.094212	2025-08-24 07:09:09.855	0
e1d40ff8-bd9a-4c7a-ba90-0b627a8bd41c	Fahad	mohammedabdulfahad819@gmail.com	CLIENT	University of Houston	t	$2b$12$G3EDDjjy1T42oRnVnrsLmut3dDX/lg5bKgDBJ85deTIkMuQ.Fi.vW	2025-08-24 06:58:29.599572	2025-08-24 06:58:29.599572	440
2d48fa24-d8a9-4f87-8ed5-9afbb19e5f51	Fahad	fahad@client.com	CLIENT	na	f	$2b$12$Qc0W8wwahg7qhVrTQHNHcusxinpUvEAvPQ2XTJsM.ra4lwDJKUpoS	2025-08-23 07:41:15.719466	2025-08-24 07:09:24.962	499
5d5eb023-8448-47d4-98f6-e379a3e3df69	Vidhi	vidhi@aplyease.com	EMPLOYEE	Aplyease	f	$2b$12$IL8Mh6TUaqqlo3WXOHKpOOezN9912HYHrT7oBq0HYpEL0OGPrHCZO	2025-08-23 07:27:17.096483	2025-08-24 07:09:29.092	0
4e01002b-362d-4c62-b378-c869d81e368b	Anudeep	anudeep@client.comj	CLIENT	Univeristy of houston	f	$2b$12$932QBznqYIOVnngaVZnPLuu0sRZTlqvQvtQ5fuIUgVQVu7RBee3ra	2025-08-22 05:14:47.643794	2025-08-24 07:09:32.157	390
7a827a64-3116-4c30-8686-dbd09545ef1f	Madhiya Nihal	nihalmadiha@gmail.com	EMPLOYEE	AplyEase	t	$2b$12$h3C27YMxvlddplkm01zGweyClQi5x8eVRh0h89XBXItEUCXSHMmZm	2025-08-24 06:46:54.600407	2025-08-24 06:46:54.600407	0
3b2d2071-8076-48f9-93db-07a87b1b8fae	Vidhi Vij	vidhiq6@gmail.com	EMPLOYEE	Aplyease	t	$2b$12$oIGXPz002QhAp1tPrzBY8O6a2fPV6ra8QADoiPgxzjwq/l2q/Ueqa	2025-08-24 06:48:34.196732	2025-08-24 06:48:34.196732	0
d018d209-d9a0-4e8d-a135-90174bd7401e	Najran Bin Abud Basaba	najranbasaba@gmail.com	CLIENT	Lamar University	t	$2b$12$ZYoy9IlI0gLVn8CSP5DFzur29rKXhrWltbeyGpZ5eN/MqQ0yXNb7C	2025-08-24 06:56:06.093559	2025-08-24 06:56:06.093559	100
77e5f0de-f40d-429e-8d41-263dd62e798a	Mohd Arshad	arshadmohd8574@gmail.com	EMPLOYEE	AplyEase	t	$2b$12$YqTXUTrZP5BqcdqSAFY6Fu171mABj40.w82xBrrFe2tTPEz9GSS3.	2025-08-24 06:57:27.798527	2025-08-24 06:57:27.798527	0
f8f4cab3-8a59-4e78-a2e0-0b9e513dff63	Murshid	murshid@aplyease.com	EMPLOYEE	AplyEase	f	$2b$12$XCEVe5TnX4WaNIV9mRYf2eZrKMNU0v01XjX6cmKopbCubWujkpGzG	2025-08-22 05:12:19.525294	2025-08-24 07:09:35.851	0
7b506467-4c02-4201-990c-75efbb75b04a	Faisal Abdul Hafeez	fahsep90@gmail.com	CLIENT	Univeristy of houston	t	$2b$12$Vnr4PnKzG4U8sFvKnVsCduwHpxQf7qSg22syTlG1bRxPU9fy1OwGC	2025-08-24 07:02:58.840577	2025-08-25 09:46:02.246	129
d1995d2d-1d5d-450e-a71e-99f5fc1e3531	Haroon	quazimohmmedharoon@gmail.com	EMPLOYEE	AplyEase	f	$2b$12$NvUxhEuTPnZmgNBeFSsACey3DSmVhhYUTuoLcRO8ntL5kB3auQw9S	2025-08-24 07:01:33.585899	2025-08-26 05:30:02.617	0
bb6c09e2-b09e-4e43-8a8a-ceec742fa25e	Anudeep Bathina	bathinaanudeep@gmail.com	CLIENT	University of Houston	t	$2b$12$6pz4AEs3.Nip3Lgw1qFqPOsNHK3jLUrH3JudXsuJ9hz2PpTS5MH1O	2025-08-24 06:59:58.705439	2025-08-24 06:59:58.705439	346
68dcbf01-926d-4c8b-8123-9949496ea8e5	Qazi Haroon	qaziharoon@aplyease.com	EMPLOYEE	Aplyease	t	$2b$12$F4COC1zxv5fR5dwUYobNXOL9uAbXBC0KXH7yPirdoTArsGmJ74I9.	2025-08-26 01:39:14.165778	2025-08-26 01:39:14.165778	0
7197fa92-a71b-446a-86b5-0612a497e943	Pravallika	pravallikakilari18@gmail.com	CLIENT	Univeristy of houston	t	$2b$12$nAtzK8zGMizJAm04svLy.eCA8/pdgFfOAw7/Qih1fr0rVUizGpJrW	2025-08-24 06:53:07.606974	2025-08-24 06:53:07.606974	74
dd48df9e-dafb-4d9d-86d6-1ed4b6eec744	Mohammad Ibrahim Saleem	ibrahimsaleem244@gmail.com	CLIENT	Univeristy of houston	t	$2b$12$p3slhQDJMxoRl/x0hZHrdumK0LLlqUdCmNeAKgJc3kFrdBvYLiKKG	2025-08-16 08:26:59.791375	2025-08-26 05:41:09.264	471
\.


--
-- Name: job_applications job_applications_pkey; Type: CONSTRAINT; Schema: public; Owner: neondb_owner
--

ALTER TABLE ONLY public.job_applications
    ADD CONSTRAINT job_applications_pkey PRIMARY KEY (id);


--
-- Name: sessions sessions_pkey; Type: CONSTRAINT; Schema: public; Owner: neondb_owner
--

ALTER TABLE ONLY public.sessions
    ADD CONSTRAINT sessions_pkey PRIMARY KEY (sid);


--
-- Name: users users_email_unique; Type: CONSTRAINT; Schema: public; Owner: neondb_owner
--

ALTER TABLE ONLY public.users
    ADD CONSTRAINT users_email_unique UNIQUE (email);


--
-- Name: users users_pkey; Type: CONSTRAINT; Schema: public; Owner: neondb_owner
--

ALTER TABLE ONLY public.users
    ADD CONSTRAINT users_pkey PRIMARY KEY (id);


--
-- Name: IDX_session_expire; Type: INDEX; Schema: public; Owner: neondb_owner
--

CREATE INDEX "IDX_session_expire" ON public.sessions USING btree (expire);


--
-- Name: idx_job_applications_client; Type: INDEX; Schema: public; Owner: neondb_owner
--

CREATE INDEX idx_job_applications_client ON public.job_applications USING btree (client_id);


--
-- Name: idx_job_applications_date; Type: INDEX; Schema: public; Owner: neondb_owner
--

CREATE INDEX idx_job_applications_date ON public.job_applications USING btree (date_applied);


--
-- Name: idx_job_applications_employee; Type: INDEX; Schema: public; Owner: neondb_owner
--

CREATE INDEX idx_job_applications_employee ON public.job_applications USING btree (employee_id);


--
-- Name: idx_job_applications_status; Type: INDEX; Schema: public; Owner: neondb_owner
--

CREATE INDEX idx_job_applications_status ON public.job_applications USING btree (status);


--
-- Name: idx_users_email; Type: INDEX; Schema: public; Owner: neondb_owner
--

CREATE INDEX idx_users_email ON public.users USING btree (email);


--
-- Name: idx_users_role_active; Type: INDEX; Schema: public; Owner: neondb_owner
--

CREATE INDEX idx_users_role_active ON public.users USING btree (role, is_active);


--
-- Name: job_applications job_applications_client_id_users_id_fk; Type: FK CONSTRAINT; Schema: public; Owner: neondb_owner
--

ALTER TABLE ONLY public.job_applications
    ADD CONSTRAINT job_applications_client_id_users_id_fk FOREIGN KEY (client_id) REFERENCES public.users(id);


--
-- Name: job_applications job_applications_employee_id_users_id_fk; Type: FK CONSTRAINT; Schema: public; Owner: neondb_owner
--

ALTER TABLE ONLY public.job_applications
    ADD CONSTRAINT job_applications_employee_id_users_id_fk FOREIGN KEY (employee_id) REFERENCES public.users(id);


--
-- Name: DEFAULT PRIVILEGES FOR SEQUENCES; Type: DEFAULT ACL; Schema: public; Owner: cloud_admin
--

ALTER DEFAULT PRIVILEGES FOR ROLE cloud_admin IN SCHEMA public GRANT ALL ON SEQUENCES TO neon_superuser WITH GRANT OPTION;


--
-- Name: DEFAULT PRIVILEGES FOR TABLES; Type: DEFAULT ACL; Schema: public; Owner: cloud_admin
--

ALTER DEFAULT PRIVILEGES FOR ROLE cloud_admin IN SCHEMA public GRANT ALL ON TABLES TO neon_superuser WITH GRANT OPTION;


--
-- PostgreSQL database dump complete
--

\unrestrict bt4vg4UV0F9C96DCUazXza1qVVopSwmso6ibn7PTfNcgJe348Aci9RdZj1Rsujm

